"","V1","V2","V3","year","hr","uhr","presc_rate","population","white_pop","black_pop","other_pop","income","rural_urban","deaths"
"1","Jefferson County","AL",1073,"2013",66.6587708669284,12.1473842126521,136.7,658578,355937,282817,19824,45429,"1",38
"2","Mobile County","AL",1097,"2013",15.4632699017116,2.89936310657092,164.2,413884,249299,146421,18164,43028,"2",16
"3","Anchorage Municipality","AK",2020,"2013",25.5692478324251,6.97343122702503,68.6,301143,200736,18269,82138,77454,"2",17
"4","Maricopa County","AZ",4013,"2013",14.5342351040918,3.09132959332313,78.5,4011219,3397656,226802,386761,53596,"1",158
"5","Mohave County","AZ",4015,"2013",9.37706665613803,1.48058947202179,140.5,202622,187317,2436,12869,39200,"2",29
"6","Pima County","AZ",4019,"2013",15.2513359969658,3.41148305195287,86.4,996634,854825,40026,101783,45841,"2",78
"7","Pinal County","AZ",4021,"2013",2.59755102888996,0.519510205777992,64.1,384978,320805,18401,45772,50027,"1",14
"8","Alameda County","CA",6001,"2013",10.0554885892339,1.58105166497389,39.4,1581226,821194,196586,563446,72112,"1",28
"9","Contra Costa County","CA",6013,"2013",11.7912671498953,2.19372412091076,55.5,1094030,743000,105090,245940,78756,"1",32
"10","Fresno County","CA",6019,"2013",9.5411643575651,2.9357428792508,68.1,953762,739461,55931,158370,45563,"2",28
"11","Humboldt County","CA",6023,"2013",8.91828620266805,1.48638103377801,128.1,134555,113407,1710,19438,41426,"8",11
"12","Kern County","CA",6029,"2013",4.97423807397502,1.27247950729593,65.8,864454,717554,54009,92891,48552,"2",29
"13","Lake County","CA",6033,"2013",301.053687907677,48.607626693427,171.2,63776,56098,1248,6430,36548,"5",16
"14","Los Angeles County","CA",6037,"2013",7.04911897994256,1.58754945865562,40.3,10015436,7160646,924327,1930463,55909,"1",223
"15","Monterey County","CA",6053,"2013",7.94273753457427,0.700829782462436,62.9,428064,354032,15290,58742,59168,"2",21
"16","Orange County","CA",6059,"2013",15.9996093268084,2.85936793189949,48.7,3112576,2306305,63321,742950,75422,"1",55
"17","Riverside County","CA",6065,"2013",6.24058457257669,0.829168579573127,56.6,2291452,1851011,160452,279989,56529,"1",97
"18","Sacramento County","CA",6067,"2013",13.4929381249473,2.80817493970985,63.6,1460023,949433,158602,351988,55064,"1",62
"19","San Bernardino County","CA",6071,"2013",6.4656875540304,0.86209167387072,57.6,2087945,1620360,199375,268210,54090,"1",34
"20","San Diego County","CA",6073,"2013",10.8749047280668,2.95175985476099,47.8,3218419,2465740,178356,574323,62962,"1",105
"21","San Francisco County","CA",6075,"2013",15.3703174149271,3.33619292727099,42.4,839280,455876,49523,333881,75604,"1",24
"22","San Joaquin County","CA",6077,"2013",7.39408331141177,2.55949037702715,70.2,703265,481812,56470,164983,53380,"2",18
"23","San Luis Obispo County","CA",6079,"2013",13.0344580380968,3.62068278836023,87.2,276191,246641,5995,23555,58697,"2",19
"24","San Mateo County","CA",6081,"2013",11.7497516529764,3.33799762868648,38.6,748952,473389,22181,253382,88202,"1",16
"25","Santa Barbara County","CA",6083,"2013",13.079394217531,2.29463056447912,64.8,435800,375572,10414,49814,62779,"2",14
"26","Santa Clara County","CA",6085,"2013",10.8732855158731,3.2137789702088,30.2,1866961,1063240,53551,750170,91702,"1",25
"27","Santa Cruz County","CA",6087,"2013",11.1545726311406,4.46182905245624,74.5,268948,236575,3725,28648,66519,"2",14
"28","Shasta County","CA",6089,"2013",18.4293708324491,5.02619204521339,160.2,179062,159045,1741,18276,44651,"2",11
"29","Solano County","CA",6095,"2013",9.19872067023294,2.35864632570075,56.5,423972,257432,63348,103192,67177,"2",12
"30","Stanislaus County","CA",6099,"2013",9.14731754912872,1.52455292485479,106.2,524744,443421,16899,64424,49297,"2",16
"31","Tulare County","CA",6107,"2013",4.85271994953171,1.10289089762084,84.3,453354,401346,9747,42261,42708,"2",12
"32","Ventura County","CA",6111,"2013",8.45743527679637,1.07206926043898,62.3,839498,714483,18555,106460,76544,"2",25
"33","Adams County","CO",8001,"2013",27.0151263435771,7.8705486197823,60.3,470107,410032,16899,43176,56270,"1",39
"34","Arapahoe County","CO",8005,"2013",21.06441101932,5.75979988809532,66.1,607660,477792,65825,64043,60651,"1",13
"35","Boulder County","CO",8013,"2013",24.171170561448,5.80108093474751,57.1,310287,282700,3258,24329,67956,"2",28
"36","Denver County","CO",8031,"2013",21.6238591483598,6.48715774450793,49,647433,522675,66882,57876,50313,"1",33
"37","Douglas County","CO",8035,"2013",72.1180517030955,12.7267150064286,57.5,306442,280998,3935,21509,101591,"1",15
"38","El Paso County","CO",8041,"2013",21.0689274541865,2.29010081023767,75.7,654993,550849,44055,60089,57125,"2",45
"39","Jefferson County","CO",8059,"2013",79.5416660627056,14.4950644305614,85.2,551912,510177,6744,34991,68984,"1",26
"40","Larimer County","CO",8069,"2013",20.2144628164432,4.10606275959003,80.6,316605,295673,3137,17795,58626,"2",20
"41","Pueblo County","CO",8101,"2013",19.2782472963813,3.73127367026735,130,160803,146120,3849,10834,41777,"2",26
"42","Weld County","CO",8123,"2013",10.363384681437,1.48048352591957,72.9,270182,252514,3554,14114,57180,"2",10
"43","Fairfield County","CT",9001,"2013",14.7774714789485,2.97675684468027,52.4,940621,754259,113491,72871,82283,"2",63
"44","Hartford County","CT",9003,"2013",17.5998092982689,4.12147432934144,67.7,897737,693338,134645,69754,64967,"1",92
"45","Litchfield County","CT",9005,"2013",5.88991218676376,0,70.3,186760,176810,3233,6717,71338,"3",20
"46","Middlesex County","CT",9007,"2013",187.024494761498,49.6310956972261,74,165219,148375,8616,8228,76994,"1",13
"47","New Haven County","CT",9009,"2013",16.5756359016682,3.94106028431273,77.5,862712,683177,121244,58291,61996,"2",98
"48","New London County","CT",9011,"2013",10.9727327590937,2.92606206909164,80.6,273405,230323,18255,24827,66583,"2",36
"49","Windham County","CT",9015,"2013",7.64863854233946,0,82.6,117668,109470,3318,4880,59333,"2",10
"50","Kent County","DE",10001,"2013",146.93993166408,34.2269720342034,91.7,169457,116116,42551,10790,55149,"2",18
"51","New Castle County","DE",10003,"2013",22.9290600359222,5.4593000085529,83.3,549521,370591,136133,42797,64537,"1",33
"52","Sussex County","DE",10005,"2013",16.9559677739721,3.39119355479442,118.5,206417,170331,26692,9394,52710,"2",22
"53","District of Columbia","DC",11001,"2013",13.7099196660325,3.08088082382753,41.1,649165,281240,321238,46687,65830,"1",51
"54","Brevard County","FL",12009,"2013",13.0600635952541,2.72084658234461,98.6,551299,463445,58142,29712,48039,"2",16
"55","Broward County","FL",12011,"2013",8.47802588080439,1.57604327271364,55.8,1840051,1197224,530411,112416,51251,"1",50
"56","Citrus County","FL",12017,"2013",7.91008391879939,0,109.4,139063,130164,4091,4808,39100,"2",10
"57","Clay County","FL",12019,"2013",35.6640648882186,7.64229961890399,100,196276,162801,20557,12918,59482,"1",16
"58","Duval County","FL",12031,"2013",15.3347773582012,1.35306859042952,98.2,886873,550465,267121,69287,48323,"1",57
"59","Hernando County","FL",12053,"2013",7.47044862917268,2.29859957820698,107.2,174019,158387,9522,6110,41024,"1",15
"60","Hillsborough County","FL",12057,"2013",16.1615974153817,3.86641086492384,77,1293189,977107,225205,90877,49596,"1",46
"61","Lee County","FL",12071,"2013",14.0890945863033,1.51495640712938,70.1,660085,576231,59247,24607,47439,"2",17
"62","Manatee County","FL",12081,"2013",8.47343723520509,1.4609374543457,84.9,342246,296345,31861,14040,47876,"2",21
"63","Marion County","FL",12083,"2013",103.037522334723,22.0369267421084,90.9,335800,278815,44111,12874,39453,"2",12
"64","Martin County","FL",12085,"2013",13.8854909843491,1.98364156919272,79.8,151237,136823,8800,5614,49846,"2",10
"65","Miami-Dade County","FL",12086,"2013",3.18028465819323,0.530047443032205,34.1,2641273,2055662,503273,82338,43100,"1",32
"66","Orange County","FL",12095,"2013",40.6409187132661,7.26313607526241,54.2,1225366,846181,273635,105550,47581,"1",64
"67","Osceola County","FL",12097,"2013",6.33709334204962,0.333531228528927,68.5,299822,240645,39606,19571,43891,"1",17
"68","Palm Beach County","FL",12099,"2013",8.21448380692619,1.59928003320687,63.9,1375619,1049296,258536,67787,52432,"1",62
"69","Pasco County","FL",12101,"2013",9.03970955202984,1.47158062474904,95.5,475679,428023,25044,22612,43888,"1",38
"70","Pinellas County","FL",12103,"2013",11.947238411986,1.93739001275448,90.9,929085,774992,100687,53406,45535,"1",57
"71","Polk County","FL",12105,"2013",26.8205879329839,6.10288827217597,76.7,622656,497448,97440,27768,43113,"2",17
"72","Sarasota County","FL",12115,"2013",14.8751894663141,1.5388127034118,88.5,389911,358010,19166,12735,49052,"2",16
"73","Seminole County","FL",12117,"2013",7.3308408474452,1.8327102118613,64.5,436512,353683,52263,30566,58175,"1",17
"74","Volusia County","FL",12127,"2013",9.77493706137464,1.79539660310963,89.7,501282,425183,55277,20822,42457,"2",22
"75","Cobb County","GA",13067,"2013",9.2066516663342,0.976463055520294,68.7,716873,468618,192319,55936,63920,"1",13
"76","DeKalb County","GA",13089,"2013",11.4683069142702,2.79714802787078,48.9,715014,259274,394297,61443,50856,"1",14
"77","Fulton County","GA",13121,"2013",14.44582459717,2.13635434183501,53.8,982983,458626,438626,85731,56857,"1",30
"78","Gwinnett County","GA",13135,"2013",7.00628463731968,0.817399874353962,52.1,856374,505354,225748,125272,60445,"1",22
"79","Honolulu County","HI",15003,"2013",7.31164887837275,1.52326018299432,39,984730,220121,24986,739623,72764,"2",27
"80","Ada County","ID",16001,"2013",27.8727560629252,5.52649473661447,83.1,416177,385484,4985,25708,55210,"2",14
"81","Champaign County","IL",17019,"2013",18.5036398607358,2.43468945535997,72.2,205365,152196,26355,26814,45808,"2",13
"82","Cook County","IL",17031,"2013",9.98037701398951,2.08004033369953,46.2,5240283,3449265,1291605,499413,54548,"1",417
"83","DuPage County","IL",17043,"2013",16.213964196131,3.00656289729581,52.7,931296,760170,46967,124159,78487,"1",51
"84","Kane County","IL",17089,"2013",8.40352183960733,1.90989132718348,46.6,523590,457033,31371,35186,69530,"1",21
"85","Kankakee County","IL",17091,"2013",13.365767596033,1.78210234613774,89.1,112227,91182,17340,3705,50102,"2",15
"86","Lake County","IL",17097,"2013",27.2955640443496,4.40709627799395,59.1,703411,581792,52038,69581,77469,"1",34
"87","LaSalle County","IL",17099,"2013",7.09931047946968,1.77482761986742,93.5,112687,107142,2849,2696,52640,"3",20
"88","McHenry County","IL",17111,"2013",7.16743119266055,1.30316930775646,73.4,306944,288700,4089,14155,76145,"1",16
"89","Madison County","IL",17119,"2013",54.2571263929114,8.60630280715146,121.9,267246,237238,21777,8231,53633,"1",32
"90","Peoria County","IL",17143,"2013",30.2584710447666,7.96275553809648,89.7,188377,141151,34121,13105,50712,"2",16
"91","St. Clair County","IL",17163,"2013",17.6157297222337,2.62361932033267,82.5,266807,175112,81159,10536,50578,"1",20
"92","Sangamon County","IL",17167,"2013",32.667748890553,8.04129203459766,113.5,198973,165792,24528,8653,55449,"2",11
"93","Will County","IL",17197,"2013",7.16925588976318,1.46311344689044,59.8,683474,553879,79407,50188,76147,"1",46
"94","Winnebago County","IL",17201,"2013",31.9732662238541,9.62635972331092,108.9,290868,237343,37100,16425,47072,"2",54
"95","Hendricks County","IN",18063,"2013",11.7199708302948,3.25554745285967,89.8,153584,138035,8830,6719,68297,"1",11
"96","Lake County","IN",18089,"2013",39.0756969516886,6.30909690365805,95.6,491354,347470,125618,18266,49035,"1",37
"97","Marion County","IN",18097,"2013",37.2635621596065,7.96966358326845,95.7,928521,616734,258039,53748,42334,"1",42
"98","Porter County","IN",18127,"2013",6.60454392622124,1.80123925260579,105.7,166552,155257,5847,5448,62794,"1",25
"99","St. Joseph County","IN",18141,"2013",16.4811291071723,1.87285558036049,97.3,266972,217370,35006,14596,44582,"2",19
"100","Polk County","IA",19153,"2013",36.9910136202241,8.41711687166776,96.9,451461,391704,29404,30353,59018,"2",20
"101","Scott County","IA",19163,"2013",28.1440742065423,8.79502318954448,82.7,170551,148183,12686,9682,52735,"2",12
"102","Johnson County","KS",20091,"2013",26.1302664404398,5.12011977549158,73.8,566393,497684,27292,41417,74717,"1",19
"103","Sedgwick County","KS",20173,"2013",24.3015286254226,5.13690848992672,114.9,506141,411532,47692,46917,49865,"2",21
"104","Boone County","KY",21015,"2013",72.5818158357393,16.1292924079421,106.3,123998,114739,3617,5642,67225,"1",26
"105","Campbell County","KY",21037,"2013",11.0043687343876,2.20087374687751,98.2,90873,85732,2593,2548,54306,"1",16
"106","Daviess County","KY",21059,"2013",25.4295043281016,5.08590086562033,123.2,98311,90459,4769,3083,46555,"2",10
"107","Fayette County","KY",21067,"2013",41.8150994648316,6.80710921520514,75,308501,242201,46385,19915,48398,"2",23
"108","Jefferson County","KY",21111,"2013",57.9373511148651,10.558059428677,96.8,757715,557283,162637,37795,46959,"1",58
"109","Kenton County","KY",21117,"2013",15.9589486735658,1.84141715464221,81.3,162918,149345,7893,5680,54270,"1",38
"110","East Baton Rouge Parish","LA",22033,"2013",14.8472421247753,1.34974928407048,113.9,444527,218096,205264,21167,48506,"2",17
"111","Jefferson Parish","LA",22051,"2013",14.260413551993,1.61004669135405,123.6,434770,289700,117251,27819,48261,"1",51
"112","Orleans Parish","LA",22071,"2013",12.6687182952128,0.791794893450801,73.1,378886,131008,229897,17981,37146,"1",44
"113","St. Tammany Parish","LA",22103,"2013",14.0248404674397,1.23748592359762,127.3,242427,204732,28721,8974,60799,"1",11
"114","Cumberland County","ME",23005,"2013",67.1037731892466,11.5334610169018,74.4,286124,265536,8135,12453,57461,"2",12
"115","York County","ME",23031,"2013",41.6161089439536,11.5321747676016,82.3,199442,191975,1436,6031,57348,"2",12
"116","Anne Arundel County","MD",24003,"2013",11.8727030367136,2.33856271935269,78.6,555897,426308,90421,39168,87430,"1",60
"117","Baltimore County","MD",24005,"2013",14.697040550471,2.91511548108515,84.5,823295,527562,225624,70109,66486,"1",107
"118","Calvert County","MD",24009,"2013",13.2630392254385,2.21050653757308,104.5,90477,74271,11878,4328,95477,"1",10
"119","Carroll County","MD",24013,"2013",22.0927177625451,5.37390432061907,82.3,167476,156017,5696,5763,84790,"1",23
"120","Cecil County","MD",24015,"2013",6.86833403651991,2.94357172993711,87.1,101917,91519,6491,3907,66689,"1",20
"121","Charles County","MD",24017,"2013",9.16104462083091,0,88.6,152821,75014,66000,11807,93160,"1",10
"122","Frederick County","MD",24021,"2013",18.2436354589933,1.24388423584045,84.2,241180,200799,22190,18191,84570,"1",29
"123","Harford County","MD",24025,"2013",8.426628144938,1.60507202760724,88.4,249210,202274,32771,14165,80622,"1",38
"124","Howard County","MD",24027,"2013",12.149710705537,1.97022335765465,39.2,304534,186985,55663,61886,109865,"1",17
"125","Montgomery County","MD",24031,"2013",46.474656573904,9.92376387730298,40.3,1017759,636785,190172,190802,98221,"1",31
"126","Prince George's County","MD",24033,"2013",4.93659836957619,0.336586252471104,46.5,891302,233699,583986,73617,73623,"1",28
"127","Washington County","MD",24043,"2013",239.082245631894,47.5485698595643,124.8,149321,126701,15829,6791,55609,"2",25
"128","Wicomico County","MD",24045,"2013",19.8129656046917,0,96.1,100944,69408,25648,5888,51092,"2",11
"129","Baltimore city","MD",24510,"2013",33.5549996949545,8.66971283984472,68.5,622858,194369,397157,31332,41385,"1",148
"130","Barnstable County","MA",25001,"2013",13.0327121073895,1.39636201150602,82.4,214844,201320,5385,8139,60526,"2",28
"131","Berkshire County","MA",25003,"2013",17.0003631895772,5.40920646941094,85.1,129409,120459,4005,4945,48450,"2",16
"132","Bristol County","MA",25005,"2013",12.123690596178,2.35235787687035,91.2,552637,501457,24703,26477,55298,"1",92
"133","Essex County","MA",25009,"2013",22.6401563086861,6.67426573261845,62.3,764129,665142,47101,51886,67311,"1",64
"134","Hampden County","MA",25013,"2013",22.0459497523576,6.20711206619778,89,467206,391526,49269,26411,49094,"2",55
"135","Hampshire County","MA",25015,"2013",8.08201378915891,1.86508010519052,72.7,160851,143303,4824,12724,61227,"2",23
"136","Middlesex County","MA",25017,"2013",19.8464182674398,5.26668704831736,45.9,1556956,1267302,84932,204722,82090,"1",99
"137","Norfolk County","MA",25021,"2013",11.7604526467552,2.75862469491789,54.6,688749,561745,45784,81220,84916,"1",51
"138","Plymouth County","MA",25023,"2013",8.1465423888444,1.78826540242926,70.3,503281,436159,49174,17948,75092,"1",54
"139","Suffolk County","MA",25025,"2013",56.2086168994432,13.5585188305448,45.1,759670,474995,189617,95058,53540,"1",72
"140","Worcester County","MA",25027,"2013",17.0322007331252,4.56660454438863,70.6,810230,712217,41800,56213,65223,"2",86
"141","Genesee County","MI",26049,"2013",22.3798167742743,6.73800935139441,134.2,415553,312491,86304,16758,42089,"2",18
"142","Kent County","MI",26081,"2013",39.953403741179,9.3064153292706,88.2,623226,520027,64757,38442,51667,"2",43
"143","Macomb County","MI",26099,"2013",12.5016795480701,2.45360065896703,110.8,855885,716127,89268,50490,53451,"1",94
"144","Monroe County","MI",26115,"2013",115.827031632762,21.9671956544893,111.7,150224,142891,3392,3941,53972,"2",22
"145","Oakland County","MI",26125,"2013",20.8612870521216,5.11385635908038,82.7,1231947,946802,177067,108078,65594,"1",21
"146","Ottawa County","MI",26139,"2013",5.84942840116842,0.731178550146053,67.3,273531,254747,4768,14016,56453,"2",11
"147","St. Clair County","MI",26147,"2013",29.3372283185399,4.36937443042083,112.9,160206,151372,3997,4837,48066,"1",13
"148","Washtenaw County","MI",26161,"2013",41.1762880986426,9.58899859831403,57.4,354573,265645,45535,43393,59055,"2",31
"149","Wayne County","MI",26163,"2013",12.904149219299,2.59209984317796,104.6,1774623,969460,705353,99810,41184,"1",203
"150","Anoka County","MN",27003,"2013",14.1631775088741,1.77039718860926,62.4,338907,296143,17088,25676,70380,"1",21
"151","Dakota County","MN",27037,"2013",8.08128301387777,1.71421154839831,61.3,408351,353909,22238,32204,73732,"1",15
"152","Hennepin County","MN",27053,"2013",22.1922061972987,5.4229075294151,49.8,1198619,913368,150606,134645,64403,"1",66
"153","Ramsey County","MN",27123,"2013",19.3409660622931,3.03387702937931,50.8,527378,371824,61374,94180,54247,"1",24
"154","Franklin County","MO",29071,"2013",335.191137585641,61.9268084102504,106.3,101733,98679,905,2149,48857,"1",13
"155","Greene County","MO",29077,"2013",30.9846062842415,8.80244496711406,139.2,284012,260160,8830,15022,40337,"2",16
"156","Jackson County","MO",29095,"2013",36.1915326525598,6.91464241735899,92.3,679717,478999,163751,36967,47015,"1",36
"157","Jefferson County","MO",29099,"2013",198.384006362749,36.1519829362641,94.8,221288,213867,2162,5259,54845,"1",46
"158","St. Charles County","MO",29183,"2013",8.55166810976066,2.67239628430021,85.5,374196,340298,16897,17001,71077,"1",33
"159","St. Francois County","MO",29187,"2013",10.5693880324329,4.52973772818554,215.1,66229,61888,3046,1295,37238,"3",15
"160","St. Louis County","MO",29189,"2013",23.9813425155229,5.59564658695535,78.1,1000778,702398,238519,59861,58910,"1",133
"161","St. Louis city","MO",29510,"2013",36.1695502709571,7.86294571107763,64.7,317947,145264,154562,18121,34582,"1",81
"162","Missoula County","MT",30063,"2013",26.8559714252464,3.58079619003285,98.7,111707,103403,610,7694,46117,"2",10
"163","Clark County","NV",32003,"2013",12.3450937634562,2.22211687742211,86.6,2025096,1471628,233124,320344,52873,"1",138
"164","Washoe County","NV",32031,"2013",18.7111483794067,3.92703114135695,100.3,432897,370800,11261,50836,53040,"2",38
"165","Cheshire County","NH",33005,"2013",13.0551711532938,5.22206846131753,84.4,76598,73640,541,2417,55155,"5",11
"166","Hillsborough County","NH",33011,"2013",51.8214367183393,12.3974728991242,72,403308,369749,10128,23431,69829,"2",27
"167","Merrimack County","NH",33013,"2013",16.2995863979951,4.75404603274859,90.4,147243,140222,1896,5125,65353,"3",14
"168","Rockingham County","NH",33015,"2013",14.7302029420233,3.34777339591438,76.3,298706,286004,2523,10179,77348,"1",24
"169","Atlantic County","NJ",34001,"2013",15.9545151277812,2.17561569924289,86.7,275784,196759,47652,31373,54235,"2",26
"170","Bergen County","NJ",34003,"2013",11.1291554699799,1.94490095591882,45.5,925497,695113,62332,168052,83794,"1",48
"171","Cape May County","NJ",34009,"2013",6.25860558267618,1.04310093044603,98.6,95868,88116,4745,3007,56494,"2",18
"172","Cumberland County","NJ",34011,"2013",122.868990938412,21.1181078175395,105.4,156264,113402,33799,9063,50750,"2",10
"173","Essex County","NJ",34013,"2013",21.9000370908143,6.45608029844813,42,789953,392573,334185,63195,55095,"1",51
"174","Hudson County","NJ",34017,"2013",5.57092159605398,1.053958139794,37,664163,437783,100175,126205,58442,"1",28
"175","Mercer County","NJ",34021,"2013",22.3414965034212,5.11431847668678,59.8,371506,244335,78806,48365,73480,"2",17
"176","Middlesex County","NJ",34023,"2013",37.2866875665187,9.89484912768458,47.7,828714,519901,91410,217403,79596,"1",35
"177","Monmouth County","NJ",34025,"2013",13.6836779180443,2.38668800896122,63.5,628486,534329,47934,46223,84526,"1",40
"178","Morris County","NJ",34027,"2013",12.8373309584271,3.00874944338135,47.2,498546,422223,17323,59000,98633,"1",19
"179","Ocean County","NJ",34029,"2013",7.54745462092909,0.686132238266281,77.8,582978,543207,19899,19872,61136,"1",37
"180","Passaic County","NJ",34031,"2013",7.89903454050329,1.18485518107549,49.3,506391,382758,75133,48500,57654,"1",31
"181","Somerset County","NJ",34035,"2013",14.5031755911555,3.62579389778887,40,330962,238329,32075,60558,99020,"1",16
"182","Union County","NJ",34039,"2013",18.7917797822343,4.01377820591412,46,548112,376440,128705,42967,68507,"1",15
"183","Bernalillo County","NM",35001,"2013",16.3093437713133,3.26186875426267,74,674460,574184,22592,77684,48801,"2",50
"184","Dona Ana County","NM",35013,"2013",7.020795596557,1.4041591193114,52.7,213651,197347,4601,11703,37933,"2",13
"185","Rio Arriba County","NM",35039,"2013",4.99276049727895,0,93.4,40058,31306,348,8404,40250,"5",13
"186","Santa Fe County","NM",35049,"2013",14.3096610654565,2.72564972675361,94.8,146754,134010,1592,11152,52917,"2",20
"187","Valencia County","NM",35061,"2013",0,0,84.9,76288,68621,1229,6438,42506,"2",10
"188","Albany County","NY",36001,"2013",27.6426360017691,6.50414964747509,54.6,307496,239813,41634,26049,59394,"2",21
"189","Bronx County","NY",36005,"2013",3.29466194665452,0.49069433248046,34.9,1426550,646167,624576,155807,34388,"1",76
"190","Broome County","NY",36007,"2013",13.1068205877905,1.51232545243736,77.2,198370,174202,10654,13514,45958,"2",17
"191","Chautauqua County","NY",36013,"2013",6.7666629074095,0,88.5,133005,125143,3559,4303,42429,"3",10
"192","Dutchess County","NY",36027,"2013",12.4701726950402,1.68515847230274,62.4,296708,244536,32435,19737,72525,"1",34
"193","Erie County","NY",36029,"2013",22.9897522095104,4.77145800574744,76.8,922150,742769,127832,51549,50653,"1",84
"194","Kings County","NY",36047,"2013",2.77419871893668,0.385305377630095,26.2,2595344,1282302,919763,393279,46085,"1",82
"195","Monroe County","NY",36055,"2013",23.1886530191226,4.39784798638533,56.1,750367,582303,120234,47830,52394,"1",55
"196","Nassau County","NY",36059,"2013",10.9284936843644,2.06755285920408,46.6,1354258,1039522,166976,147760,97690,"1",70
"197","New York County","NY",36061,"2013",18.2157964688341,3.98662212280881,45,1630453,1061644,298308,270501,69659,"1",62
"198","Niagara County","NY",36063,"2013",2.80024455469111,0.466707425781852,84.7,214267,189840,14958,9469,47955,"1",19
"199","Onondaga County","NY",36067,"2013",17.6848600552279,2.76991783997545,49.5,469328,380810,54336,34182,54242,"2",16
"200","Orange County","NY",36071,"2013",132.815583695154,23.7361183712222,67.1,374956,308603,43046,23307,70458,"1",25
"201","Queens County","NY",36081,"2013",2.74199403028728,0.913998010095761,26.9,2297598,1136562,479615,681421,57001,"1",55
"202","Richmond County","NY",36085,"2013",16.9306794493297,2.75123541051607,51.7,472515,367056,55108,50351,72569,"1",20
"203","Rockland County","NY",36087,"2013",8.42904461462096,2.18530786304988,37.9,320321,250081,41604,28636,84951,"1",13
"204","Suffolk County","NY",36103,"2013",28.4519475258133,6.86311614791281,59.1,1500776,1283906,123317,93553,87763,"1",138
"205","Ulster County","NY",36111,"2013",3.8676811041677,1.65757761607187,71.4,180987,159949,12220,8818,58590,"2",18
"206","Westchester County","NY",36119,"2013",8.37315751769992,1.03372315033332,39.7,967377,723881,154206,89290,81946,"1",32
"207","Brunswick County","NC",37019,"2013",5.20440292487444,0,124.8,115287,98568,12940,3779,46438,"2",19
"208","Buncombe County","NC",37021,"2013",34.7502828511395,5.25294973331178,99,247480,222012,16088,9380,44713,"2",12
"209","Burke County","NC",37023,"2013",4.48103960118748,0,167,89265,77426,5824,6015,37263,"2",19
"210","Cabarrus County","NC",37025,"2013",14.4158382009034,2.13567973346717,113.3,187294,146436,31079,9779,53551,"1",16
"211","Catawba County","NC",37035,"2013",21.9069341889924,1.93296478138168,149.2,155202,131874,13702,9626,44332,"2",18
"212","Craven County","NC",37049,"2013",17.2372516159923,1.9152501795547,161,104425,75507,22797,6121,47141,"2",10
"213","Cumberland County","NC",37051,"2013",58.7738309517687,10.1017521948352,100.7,326676,174296,122822,29558,45231,"2",17
"214","Davidson County","NC",37057,"2013",121.53636624587,15.2683877193304,91.8,163737,142714,15217,5806,43083,"2",24
"215","Durham County","NC",37063,"2013",29.461512866016,5.89230257320319,60.5,288512,152443,112336,23733,51853,"2",17
"216","Forsyth County","NC",37067,"2013",29.3588958839382,6.09335574949661,98,361049,244211,98192,18646,45724,"2",21
"217","Gaston County","NC",37071,"2013",11.9397852749016,1.43277423298819,144.6,209384,168575,33046,7763,42017,"1",32
"218","Guilford County","NC",37081,"2013",14.4042747151703,1.57855065371729,90.2,506794,297552,171466,37776,45431,"2",15
"219","Henderson County","NC",37089,"2013",22.8793161829979,3.66069058927967,97.8,109269,101863,3475,3931,44815,"2",13
"220","Iredell County","NC",37097,"2013",13.9553791919229,1.82026685112037,119,164811,137112,19952,7747,50329,"1",16
"221","Johnston County","NC",37101,"2013",3.93858064806531,0.562654378295045,75,177729,143265,28252,6212,49711,"1",13
"222","Lincoln County","NC",37109,"2013",34.1387550733983,6.32199168025895,132.5,79089,72624,4572,1893,48940,"1",11
"223","Mecklenburg County","NC",37119,"2013",19.065449974882,2.11838333054245,65.7,991322,588130,319485,83707,55444,"1",38
"224","New Hanover County","NC",37129,"2013",21.1083279389829,1.40722186259886,118.9,213186,173135,31304,8747,49835,"2",25
"225","Randolph County","NC",37151,"2013",4.92001461947201,0,81.9,142276,128033,8838,5405,41208,"2",20
"226","Rowan County","NC",37159,"2013",10.8596498848877,0.723976658992514,100.3,138126,110973,22706,4447,41495,"1",15
"227","Union County","NC",37179,"2013",48.4594140645216,10.3505544603833,78.1,212549,177432,25798,9319,65892,"1",13
"228","Wake County","NC",37183,"2013",11.2945621816987,1.95087892229341,64,973920,673894,209066,90960,66006,"1",40
"229","Wilkes County","NC",37193,"2013",8.68646214874119,1.44774369145686,105.4,69073,64608,3023,1442,33159,"3",15
"230","Allen County","OH",39003,"2013",106.535779851421,19.9754587221414,113.8,105129,88209,12931,3989,42823,"2",11
"231","Butler County","OH",39017,"2013",15.8990223448633,1.88632468498378,95.4,371092,322224,29408,19460,56610,"1",61
"232","Clark County","OH",39023,"2013",182.896941231555,32.9214494216799,114.6,136689,119400,12279,5010,43136,"2",16
"233","Clermont County","OH",39025,"2013",2.49802655901838,0,104.6,200158,191987,2600,5571,60365,"1",43
"234","Cuyahoga County","OH",39035,"2013",25.9630469851995,4.51187096998893,73.4,1263334,815051,383088,65195,43804,"1",131
"235","Fairfield County","OH",39045,"2013",93.3512424445937,18.8045668233714,87.9,148900,133533,10254,5113,58786,"1",10
"236","Franklin County","OH",39049,"2013",28.0710650705399,5.18614985174197,96.7,1214774,850518,269945,94311,50877,"1",110
"237","Greene County","OH",39057,"2013",53.7224138457312,15.2620493879918,94.3,163805,142210,11807,9788,58080,"2",10
"238","Hamilton County","OH",39061,"2013",39.04637316395,7.95849644105987,91.5,804172,555136,210433,38603,48593,"1",137
"239","Lake County","OH",39085,"2013",83.5931105344735,13.4968043050452,88.1,229684,214200,8612,6872,56018,"1",26
"240","Licking County","OH",39089,"2013",5.93214809014492,0.593214809014492,79.8,168573,157044,6190,5339,55114,"1",10
"241","Lorain County","OH",39093,"2013",7.26295529651015,1.32053732663821,90,302907,263436,26650,12821,51816,"1",34
"242","Lucas County","OH",39095,"2013",23.610152824164,4.12604612461118,113.5,436253,329192,85549,21512,41556,"2",37
"243","Mahoning County","OH",39099,"2013",17.9264248306593,3.41455711060177,117.8,234291,189525,37486,7280,41058,"2",10
"244","Medina County","OH",39103,"2013",6.87222247674898,1.71805561918724,82.9,174616,167898,2289,4429,65951,"1",12
"245","Montgomery County","OH",39113,"2013",88.555883817676,18.9093959103283,113.5,534126,395950,112951,25225,43401,"2",62
"246","Portage County","OH",39133,"2013",10.5260550822271,3.0958985535962,70.4,161504,148452,7003,6049,52697,"2",12
"247","Richland County","OH",39139,"2013",53.1697341513292,5.72597137014315,92.3,122250,107197,11515,3538,41835,"2",21
"248","Summit County","OH",39153,"2013",27.1253245351328,8.48819679330687,94.4,541929,434405,79984,27540,49669,"2",46
"249","Trumbull County","OH",39155,"2013",7.26490759037545,3.39029020884188,107.6,206472,183762,17464,5246,42880,"2",26
"250","Warren County","OH",39165,"2013",31.8507564554658,4.55010806506654,79.4,219775,198493,7581,13701,72487,"1",16
"251","Cleveland County","OK",40027,"2013",12.5918930429791,3.33314815843564,99.1,270015,217034,12994,39987,54989,"1",14
"252","Oklahoma County","OK",40109,"2013",23.8208986036983,3.70547311613085,143.3,755639,540847,119722,95070,45215,"1",54
"253","Tulsa County","OK",40143,"2013",26.0009148470039,4.33348580783398,159.6,623055,460972,67426,94657,48181,"2",36
"254","Clackamas County","OR",41005,"2013",12.3712934445032,3.3505586412196,87.8,387995,351819,3886,32290,64352,"1",24
"255","Deschutes County","OR",41017,"2013",26.5285573891076,3.61753055306013,105.5,165859,157421,772,7666,50209,"2",13
"256","Jackson County","OR",41029,"2013",118.347749949486,22.6111554781538,132.4,207862,193169,1652,13041,44005,"2",14
"257","Lane County","OR",41039,"2013",19.6733106247119,3.3725675356649,122.6,355812,321711,3720,30381,42931,"2",26
"258","Multnomah County","OR",41051,"2013",22.8504276294314,5.6146765032317,68.5,765850,618512,44171,103167,52511,"1",67
"259","Washington County","OR",41067,"2013",64.3140109063592,12.7907416648501,65.3,555089,459603,11445,84041,64180,"1",17
"260","Allegheny County","PA",42003,"2013",28.0472848039649,8.18721319422096,87.6,1233631,1001026,165007,67598,51366,"1",120
"261","Beaver County","PA",42007,"2013",7.64503513775765,1.76423887794407,89.1,170045,155078,10753,4214,49217,"1",22
"262","Berks County","PA",42011,"2013",7.97704544740347,1.69210054944922,65.3,413687,367896,27292,18499,55170,"2",25
"263","Bucks County","PA",42017,"2013",10.2271873796508,2.23719723929861,80.3,625783,562146,24772,38865,76555,"1",27
"264","Butler County","PA",42019,"2013",31.8299525248166,3.77643504531722,79.8,185360,178955,2201,4204,58230,"1",17
"265","Dauphin County","PA",42043,"2013",32.8099712820588,7.00437589167548,78.1,271259,201071,50799,19389,54066,"2",20
"266","Delaware County","PA",42045,"2013",23.154786183361,6.05586715564825,82.2,561439,401955,117862,41622,64041,"1",17
"267","Erie County","PA",42049,"2013",75.5488876139024,15.679957806659,97.1,280613,248259,21366,10988,45202,"2",17
"268","Fayette County","PA",42051,"2013",95.6497883099646,15.5708957713896,135.2,134867,125737,6292,2838,39115,"1",14
"269","Lackawanna County","PA",42069,"2013",7.47712467170749,0.467320291981718,127.1,213986,198740,6592,8654,46044,"2",15
"270","Lancaster County","PA",42071,"2013",21.878990322319,5.46974758057976,66.4,530189,482006,24844,23339,56483,"2",17
"271","Lawrence County","PA",42073,"2013",23.5637342908438,3.36624775583483,120.2,89120,83472,3592,2056,43546,"3",12
"272","Lehigh County","PA",42077,"2013",15.4491778228457,2.52804728010202,54.2,356006,302965,29339,23702,54923,"2",11
"273","Montgomery County","PA",42091,"2013",58.1509712318662,12.4170149987706,67.9,813400,661816,75592,75992,79183,"1",44
"274","Northampton County","PA",42095,"2013",19.0300039729307,0.66771943764669,80.1,299527,265770,18222,15535,60097,"2",13
"275","Philadelphia County","PA",42101,"2013",21.3385711384256,6.3630076587474,80.8,1555868,700308,694503,161057,37192,"1",17
"276","Washington County","PA",42125,"2013",171.417047593439,34.0913455998156,86.9,208264,196251,6665,5348,53693,"1",31
"277","Westmoreland County","PA",42129,"2013",9.69123718333883,3.59960238238299,84.4,361151,344232,8640,8279,50736,"1",10
"278","York County","PA",42133,"2013",18.9015683747156,5.23778400745132,74.3,439117,395112,27739,16266,58745,"2",17
"279","Kent County","RI",44003,"2013",150.869773331798,35.1423568403386,93.6,165043,154844,2818,7381,62279,"1",19
"280","Newport County","RI",44005,"2013",4.84754471860003,0,70.5,82516,75120,3229,4167,71713,"1",11
"281","Providence County","RI",44007,"2013",20.1673412933459,4.92273685113167,75.1,629731,503767,71735,54229,49297,"1",75
"282","Charleston County","SC",45019,"2013",36.2694578925027,6.17924097427824,93.3,372214,250683,108617,12914,50792,"2",12
"283","Greenville County","SC",45045,"2013",23.4453217078333,5.06925874763963,108.1,473442,365065,87411,20966,49022,"2",21
"284","Pickens County","SC",45077,"2013",8.39158491864358,1.67831698372872,118.9,119167,107004,7903,4260,41788,"2",14
"285","Richland County","SC",45079,"2013",16.3526949241235,1.76105945336715,75.6,397488,189998,187014,20476,48359,"2",11
"286","Spartanburg County","SC",45083,"2013",19.2623881233618,2.40779851542023,129.3,290722,217580,60655,12487,42919,"2",13
"287","Anderson County","TN",47001,"2013",29.1699814372845,1.3259082471493,185.4,75420,69615,3018,2787,43620,"2",12
"288","Campbell County","TN",47013,"2013",24.8576897263168,4.97153794526337,235.6,40229,39338,170,721,31943,"2",10
"289","Davidson County","TN",47037,"2013",30.1977268243828,3.79368427441995,103.6,658990,431740,185673,41577,47335,"1",28
"290","Hamilton County","TN",47065,"2013",90.0092589142131,18.3458362118141,145.4,348853,264300,69411,15142,46702,"2",26
"291","Knox County","TN",47093,"2013",35.1094356608338,6.52675406515501,125.8,444325,384292,39974,20059,47694,"2",58
"292","Roane County","TN",47145,"2013",7.54218912039219,0,178.9,53035,50289,1360,1386,42223,"2",14
"293","Shelby County","TN",47157,"2013",16.416317819913,2.984785058166,80.8,938091,396415,501300,40376,46250,"1",39
"294","Bexar County","TX",48029,"2013",11.0314940923879,2.63438664892846,66.3,1822056,1556046,149497,116513,50112,"1",77
"295","Collin County","TX",48085,"2013",8.50718682481488,1.16536805819382,64.7,858098,642831,80280,134987,82762,"1",23
"296","Dallas County","TX",48113,"2013",11.7347700025405,2.01628350559115,63.3,2479810,1690203,572862,216745,49481,"1",93
"297","Denton County","TX",48121,"2013",4.25659291318473,0.686547244062053,70.5,728282,582346,67707,78229,74155,"1",18
"298","El Paso County","TX",48141,"2013",16.6021428794853,1.80458074777014,42.5,831218,768021,32237,30960,40157,"2",27
"299","Galveston County","TX",48167,"2013",8.80359186548112,1.63029478990391,94.6,306693,246505,41913,18275,61877,"1",12
"300","Harris County","TX",48201,"2013",7.5686417140742,1.31128443070586,58.2,4346883,3072640,849174,425069,53137,"1",80
"301","Lubbock County","TX",48303,"2013",21.3813747534245,6.89721766239499,94.9,289972,252348,22927,14697,44397,"2",13
"302","Montgomery County","TX",48339,"2013",94.7988880671649,20.2424686993312,80.7,498951,449787,22833,26331,67766,"1",10
"303","Nueces County","TX",48355,"2013",9.92265995327845,1.41752285046835,95.9,352728,322349,15246,15133,47057,"2",27
"304","Tarrant County","TX",48439,"2013",10.143785545733,1.67320173950236,80.7,1912501,1446370,304610,161521,56853,"1",35
"305","Travis County","TX",48453,"2013",14.8981041047399,3.74682857723998,64.3,1120948,907384,100170,113394,58025,"1",25
"306","Webb County","TX",48479,"2013",1.51765795025117,0,31,263564,257631,1705,4228,39449,"2",14
"307","Davis County","UT",49011,"2013",8.98400228007782,1.2391727282866,75.9,322796,300054,4516,18226,69707,"2",11
"308","Salt Lake County","UT",49035,"2013",17.4876776641644,2.96087664155165,83.8,1080761,960161,20676,99924,60555,"1",60
"309","Utah County","UT",49049,"2013",7.24131313972476,0.724131313972476,67.3,552386,517897,3855,30634,60196,"2",34
"310","Weber County","UT",49057,"2013",15.0925677488597,2.51542795814328,96.5,238528,221811,3747,12970,54974,"2",13
"311","Chittenden County","VT",50007,"2013",18.7578548517192,4.37683279873447,46.2,159933,146930,3772,9231,63989,"2",11
"312","Chesterfield County","VA",51041,"2013",8.53697577633123,1.21956796804732,80.7,327985,230175,75814,21996,72088,"1",19
"313","Culpeper County","VA",51047,"2013",6.19041723412158,2.06347241137386,84,48462,38325,7646,2491,64423,"1",10
"314","Fairfax County","VA",51059,"2013",9.62435863362362,1.23615615477735,35.9,1132543,762942,111584,258017,110292,"1",21
"315","Henrico County","VA",51087,"2013",8.14021202121464,0.313085077739025,82.8,319402,190841,95422,33139,61048,"1",13
"316","Prince William County","VA",51153,"2013",7.29708960141928,1.14017025022176,46.2,438531,284584,94073,59874,98071,"1",15
"317","Spotsylvania County","VA",51177,"2013",5.47820846931029,0,86.7,127779,99573,20095,8111,78345,"1",10
"318","Stafford County","VA",51179,"2013",0.729548919902824,0,63.5,137071,102476,24287,10308,97110,"1",10
"319","Chesapeake city","VA",51550,"2013",9.5394608470174,1.30083557004783,77.9,230621,145484,69368,15769,69743,"1",15
"320","Newport News city","VA",51700,"2013",19.2783295052079,2.75404707217256,79.1,181551,92192,75225,14134,51027,"1",12
"321","Norfolk city","VA",51710,"2013",16.7232265222215,2.44730144227632,73.2,245168,120223,105992,18953,44747,"1",20
"322","Richmond city","VA",51760,"2013",39.3072564002976,6.5512094000496,72.6,213701,94011,108602,11088,40496,"1",19
"323","Roanoke city","VA",51770,"2013",25.2311170320132,5.04622340640265,131.3,99084,64831,28758,5495,38145,"2",10
"324","Virginia Beach city","VA",51810,"2013",16.9414450160944,2.45205125232945,69.6,448604,309489,89586,49529,65219,"1",26
"325","Clark County","WA",53011,"2013",56.5144168277328,10.1725950289919,65.9,442365,388346,9213,44806,58225,"1",23
"326","King County","WA",53033,"2013",20.1380925707057,4.93676541175067,57.7,2045874,1445104,135975,464795,71811,"1",99
"327","Kitsap County","WA",53035,"2013",12.642524712185,3.16063117804626,72,253114,211709,7258,34147,62413,"2",12
"328","Pierce County","WA",53053,"2013",17.9570716047392,3.78686544045521,72.8,818619,627448,59624,131547,59204,"1",61
"329","Snohomish County","WA",53061,"2013",11.2732914253198,3.08673455693281,86.6,745124,601522,22454,121148,68381,"1",41
"330","Spokane County","WA",53063,"2013",21.8987692891659,2.91983590522213,93,479479,431886,8850,38743,49233,"2",18
"331","Thurston County","WA",53067,"2013",13.7124051558643,1.14270042965536,75.2,262536,219083,8502,34951,62229,"2",12
"332","Berkeley County","WV",54003,"2013",5.53092246568524,1.84364082189508,117.3,108481,96211,7916,4354,53515,"2",13
"333","Cabell County","WV",54011,"2013",30.9476160019806,5.15793600033011,149.7,96938,88627,4868,3443,38374,"2",16
"334","Kanawha County","WV",54039,"2013",15.6736536331529,4.17964096884078,156.1,191404,170372,14264,6768,46085,"2",11
"335","Dane County","WI",55025,"2013",24.3133917769756,6.4704994245177,63.8,510007,440029,27475,42503,61721,"2",21
"336","Kenosha County","WI",55059,"2013",7.16110089991168,1.19351681665195,79.7,167572,147458,12020,8094,54930,"1",14
"337","Milwaukee County","WI",55079,"2013",30.9391387421777,7.42121233342775,92.3,956717,625045,260663,71009,43193,"1",72
"338","Racine County","WI",55101,"2013",9.75484533436016,3.08047747400847,91.7,194775,164289,22617,7869,54090,"2",20
"339","Walworth County","WI",55127,"2013",5.82722284271354,0,72.9,102965,98982,1198,2785,54020,"3",12
"340","Waukesha County","WI",55133,"2013",10.6583024369447,2.79146016205695,79.9,394059,370111,5240,18708,75850,"1",17
"341","Baldwin County","AL",1003,"2014",11.5146812185537,1.00127662770032,143.5,199745,174273,18805,6667,50183,"2",12
"342","Jefferson County","AL",1073,"2014",69.5736002291836,13.338729455704,130.2,659733,355382,284064,20287,45239,"1",95
"343","Mobile County","AL",1097,"2014",19.3077216405771,3.13750476659378,158.5,414342,249001,146815,18526,43844,"2",15
"344","Shelby County","AL",1117,"2014",76.2172921015583,14.0783533181222,110.5,205990,173897,24233,7860,69723,"1",13
"345","Anchorage Municipality","AK",2020,"2014",25.2971583968259,5.3257175572265,68,300429,198831,18221,83377,78121,"2",22
"346","Maricopa County","AZ",4013,"2014",14.6672409499573,3.33012482336259,77.9,4083931,3447658,234432,401841,53689,"1",157
"347","Mohave County","AZ",4015,"2014",11.3308865187083,1.47794171983151,142.2,202985,187399,2489,13097,38456,"2",24
"348","Pima County","AZ",4019,"2014",14.753423442193,3.98741174113324,84.2,1003157,858901,40717,103539,46233,"2",107
"349","Pulaski County","AR",5119,"2014",27.2519120909348,2.80159843925498,117.5,392633,231741,141991,18901,46410,"2",10
"350","Alameda County","CA",6001,"2014",10.1313470092015,1.926820596842,38,1608868,830760,194912,583196,73775,"1",29
"351","Butte County","CA",6007,"2014",16.0732942216507,5.35776474055024,143.9,223974,194464,3842,25668,43165,"2",14
"352","Contra Costa County","CA",6013,"2014",11.7223145980689,1.62308971357877,51.8,1108996,748616,106128,254252,79799,"1",35
"353","Fresno County","CA",6019,"2014",8.09841862802406,2.69947287600802,66.1,963151,745345,56154,161652,45201,"2",30
"354","Humboldt County","CA",6023,"2014",8.16841792596443,2.22775034344484,113.6,134665,113211,1741,19713,42153,"8",16
"355","Kern County","CA",6029,"2014",5.61837690824159,1.1466075322942,64.4,872138,723151,54503,94484,48574,"2",43
"356","Kings County","CA",6031,"2014",54.1194235279183,12.6946795929685,78.5,149669,121955,10866,16848,47341,"2",12
"357","Los Angeles County","CA",6037,"2014",7.03314868006773,1.45033856961849,39.8,10066615,7181276,923209,1962130,55870,"1",169
"358","Monterey County","CA",6053,"2014",8.14139036338514,1.16305576619788,60.3,429902,355851,15167,58884,58582,"2",10
"359","Orange County","CA",6059,"2014",16.2708594012707,3.19036458848444,47.6,3134438,2308206,64242,761990,75998,"1",69
"360","Riverside County","CA",6065,"2014",5.7697565722479,0.947273467085476,56.9,2322455,1871910,163022,287523,56592,"1",115
"361","Sacramento County","CA",6067,"2014",14.81594737159,3.11202547531115,60.1,1478137,956910,160814,360413,55615,"1",45
"362","San Bernardino County","CA",6071,"2014",6.36296941738468,0.854727235171076,58.7,2105935,1630888,200895,274152,54100,"1",43
"363","San Diego County","CA",6073,"2014",11.7219048647746,2.91513340877903,46.7,3258856,2489562,180483,588811,63996,"1",95
"364","San Francisco County","CA",6075,"2014",14.5809619672069,3.2924752829177,38.6,850424,460360,48934,341130,78378,"1",34
"365","San Joaquin County","CA",6077,"2014",9.11362304372576,1.68251502345706,69.4,713218,486923,57902,168393,53253,"2",19
"366","San Luis Obispo County","CA",6079,"2014",10.7574306952527,1.79290511587546,86,278877,248711,5935,24231,59454,"2",16
"367","San Mateo County","CA",6081,"2014",10.0420311857921,2.90690376430824,36.1,756819,474477,21966,260376,91421,"1",15
"368","Santa Barbara County","CA",6083,"2014",13.6192467194639,2.49686189856839,62.4,440553,379113,10608,50832,63409,"2",10
"369","Santa Clara County","CA",6085,"2014",12.0117005604755,3.49238870921313,28.9,1889824,1064534,54165,771125,93854,"1",24
"370","Santa Cruz County","CA",6087,"2014",14.0236409062224,4.05947499916965,70.3,270971,238159,3793,29019,66923,"2",30
"371","Solano County","CA",6095,"2014",8.84541702649668,1.16387066138114,52.9,429601,260492,64119,104990,67341,"2",19
"372","Sonoma County","CA",6097,"2014",10.6176677992179,2.40400025642669,65.5,499168,437156,9471,52541,63799,"2",20
"373","Stanislaus County","CA",6099,"2014",10.759711111195,1.69890175439921,103.9,529754,446675,17353,65726,49573,"2",14
"374","Tulare County","CA",6107,"2014",5.04258794382996,0.876971816318253,78.8,456115,403558,9802,42755,42863,"2",16
"375","Ventura County","CA",6111,"2014",8.88543475839911,1.77708695167982,60.2,844078,717063,18821,108194,77335,"2",25
"376","Adams County","CO",8001,"2014",28.9314511932663,8.53373740233033,60.6,480446,418115,17633,44698,57421,"1",46
"377","Arapahoe County","CO",8005,"2014",23.7745974087306,4.20503083419725,66.7,618307,484500,67750,66057,62213,"1",29
"378","Boulder County","CO",8013,"2014",23.3074928800398,6.06633376329804,53.6,313204,284992,3409,24803,69407,"2",16
"379","Denver County","CO",8031,"2014",20.8325470808016,5.88745895761784,48.2,662425,534723,68066,59636,51800,"1",47
"380","Douglas County","CO",8035,"2014",71.1154006114655,13.9690965486807,55.9,314981,287975,4086,22920,102626,"1",14
"381","El Paso County","CO",8041,"2014",18.4110091798499,3.47092796013564,75.1,662647,556291,45026,61330,57487,"2",57
"382","Jefferson County","CO",8059,"2014",82.0997503022845,15.7402571385643,81.4,559076,516152,6886,36038,69698,"1",29
"383","Larimer County","CO",8069,"2014",19.4019876258434,3.69561669063685,78.5,324709,302922,3349,18438,58844,"2",24
"384","Pueblo County","CO",8101,"2014",17.9733498605516,3.71862410907964,125,161350,146483,3876,10991,41974,"2",19
"385","Weld County","CO",8123,"2014",8.69051972929031,0.724209977440859,69.8,276163,257729,3811,14623,58100,"2",15
"386","Fairfield County","CT",9001,"2014",13.4578662817929,3.07305608009444,50.7,943686,753863,114808,75015,83163,"2",56
"387","Hartford County","CT",9003,"2014",18.2983024977183,3.2356754416697,66.5,896258,688848,135481,71929,65499,"1",92
"388","Litchfield County","CT",9005,"2014",6.48263194857112,1.08043865809519,71.1,185110,174891,3347,6872,72068,"3",29
"389","Middlesex County","CT",9007,"2014",192.033058855702,40.1081705204947,73.5,164555,147366,8791,8398,77931,"1",15
"390","New Haven County","CT",9009,"2014",16.9465163301739,3.13394480078558,75.4,861534,679523,122184,59827,61646,"2",84
"391","New London County","CT",9011,"2014",13.600291119745,1.83787717834393,79.6,272053,228885,18287,24881,66693,"2",34
"392","Tolland County","CT",9013,"2014",3.29471922402773,0,54.5,151758,136789,5454,9515,79988,"1",14
"393","Windham County","CT",9015,"2014",7.69763682549457,0.855292980610508,82.4,116919,108582,3329,5008,59218,"2",18
"394","Kent County","DE",10001,"2014",153.533896678666,24.4258471988787,94.4,171949,117383,43447,11119,55169,"2",26
"395","New Castle County","DE",10003,"2014",23.3580977454909,5.97532733024186,81.2,552271,369860,137931,44480,64857,"1",39
"396","Sussex County","DE",10005,"2014",13.2872707945788,2.37272692760336,113.8,210728,173841,27148,9739,53505,"2",20
"397","District of Columbia","DC",11001,"2014",15.4778795305043,2.88313442234884,40.1,659005,287733,323219,48053,69235,"1",41
"398","Brevard County","FL",12009,"2014",12.7400192715221,3.22986404066758,97,557299,467533,59118,30648,48483,"2",23
"399","Broward County","FL",12011,"2014",8.41649311000142,1.28659767286646,54.7,1865385,1205042,544093,116250,51574,"1",53
"400","Citrus County","FL",12017,"2014",5.02642463235294,0.718060661764706,107.2,139264,130133,4185,4946,38109,"2",11
"401","Collier County","FL",12021,"2014",8.62319236330084,0.862319236330084,62,347899,312154,25199,10546,56250,"2",24
"402","Duval County","FL",12031,"2014",15.249807429439,2.00362433379491,95.1,898372,555542,271076,71754,47582,"1",67
"403","Hillsborough County","FL",12057,"2014",16.4753901706456,3.94801976439433,72.9,1317116,992498,230506,94112,50122,"1",51
"404","Lake County","FL",12069,"2014",59.5583180477544,11.087984742933,87.1,315657,267378,33261,15018,45465,"1",12
"405","Lee County","FL",12071,"2014",14.305771862759,1.47482184152154,68.8,678048,590926,61167,25955,47908,"2",38
"406","Manatee County","FL",12081,"2014",7.96103641321191,0.852968187129847,82.3,351713,304203,32559,14951,49228,"2",33
"407","Marion County","FL",12083,"2014",106.464865119928,23.2984053863554,89.6,339079,281047,44689,13343,39339,"2",18
"408","Miami-Dade County","FL",12086,"2014",4.16151320118217,0.637348868649522,34.4,2667299,2079621,504103,83575,43099,"1",35
"409","Orange County","FL",12095,"2014",40.6818274276881,7.97682890738981,50.8,1253631,861811,282026,109794,47556,"1",96
"410","Osceola County","FL",12097,"2014",6.100595610782,0.321083979514842,60.1,311445,249140,41886,20419,44551,"1",26
"411","Palm Beach County","FL",12099,"2014",8.51504730502331,1.64576544550871,63.3,1397526,1061347,265708,70471,52878,"1",50
"412","Pasco County","FL",12101,"2014",9.2698070026182,2.05995711169293,90.7,485447,435067,26742,23638,44518,"1",45
"413","Pinellas County","FL",12103,"2014",11.0938421708942,1.60007339003282,88.9,937457,780396,101999,55062,45574,"1",64
"414","Polk County","FL",12105,"2014",26.144532012877,5.51240132801623,74.7,634932,506364,99535,29033,43063,"2",21
"415","Sarasota County","FL",12115,"2014",14.3744467729367,1.51309966030913,85.1,396537,363670,19498,13369,50304,"2",21
"416","Seminole County","FL",12117,"2014",7.91271596062633,2.03469838987534,59.3,442326,357045,53719,31562,57875,"1",22
"417","Volusia County","FL",12127,"2014",10.2379738262261,1.18130467225686,86.9,507913,429843,56365,21705,41714,"2",21
"418","Cobb County","GA",13067,"2014",8.91453837777345,1.0971739541875,65,729146,471459,199363,58324,64657,"1",36
"419","DeKalb County","GA",13089,"2014",9.96381198840323,3.04449810756765,48.6,722615,259702,399415,63498,50799,"1",26
"420","Fulton County","GA",13121,"2014",13.275110575637,1.50853529268602,52.3,994342,461953,443079,89310,56642,"1",60
"421","Gwinnett County","GA",13135,"2014",5.14040149962646,0.571155722180718,49.4,875418,509086,236243,130089,60329,"1",26
"422","Paulding County","GA",13223,"2014",2.01393644016595,0,63,148962,117006,26613,5343,61153,"1",12
"423","Honolulu County","HI",15003,"2014",7.18197506337334,1.82078241043268,38,988586,221054,25722,741810,73581,"2",18
"424","Ada County","ID",16001,"2014",26.4996951362506,3.98667979925895,81.5,426420,394604,5216,26600,55805,"2",10
"425","Champaign County","IL",17019,"2014",17.4210969484045,2.41959679838952,72,206646,152323,26629,27694,46680,"2",20
"426","Cook County","IL",17031,"2014",10.8412380846586,2.09953554456417,45.2,5239254,3445809,1283134,510311,54828,"1",383
"427","DuPage County","IL",17043,"2014",17.6959070975602,4.5044127157426,51.3,932419,757738,47471,127210,79016,"1",50
"428","Kane County","IL",17089,"2014",7.97514792000547,2.46849816571598,46,526636,458860,31561,36215,70514,"1",22
"429","Kankakee County","IL",17091,"2014",13.4576219484842,1.79434959313123,86,111461,90570,17187,3704,51000,"2",10
"430","Lake County","IL",17097,"2014",26.7289584094564,4.97613587410092,57.5,703357,579694,52354,71309,77873,"1",46
"431","McHenry County","IL",17111,"2014",7.4979869535027,1.30399773104395,72.7,306749,288081,4324,14344,76345,"1",22
"432","McLean County","IL",17113,"2014",12.0798651656955,1.72569502367078,64.2,173843,146415,13293,14135,61955,"2",14
"433","Madison County","IL",17119,"2014",52.8808829982336,6.00066757426764,116.5,266637,235895,22208,8534,53912,"1",52
"434","Peoria County","IL",17143,"2014",32.5729420308428,8.00973984364988,87.6,187272,139882,34222,13168,51454,"2",18
"435","St. Clair County","IL",17163,"2014",20.7088449359344,2.25914672028375,79.5,265587,174353,80633,10601,50728,"1",25
"436","Sangamon County","IL",17167,"2014",35.6857442990767,7.53924175332606,111.1,198959,165486,24673,8800,55565,"2",14
"437","Tazewell County","IL",17179,"2014",2.95057056658331,1.47528528329166,99.8,135567,130579,1623,3365,57052,"2",11
"438","Will County","IL",17197,"2014",7.00618441737008,1.16769740289501,58.4,685109,552726,80385,51998,76142,"1",51
"439","Winnebago County","IL",17201,"2014",32.9130852033162,9.00779173985497,102.5,288639,234713,37220,16706,47523,"2",52
"440","Allen County","IN",18003,"2014",32.2968242368507,6.29514370718276,85.8,365361,295959,44150,25252,49124,"2",13
"441","Delaware County","IN",18035,"2014",95.1874592666278,20.5810722738655,129,116612,104000,8232,4380,37900,"2",11
"442","Hendricks County","IN",18063,"2014",10.8933159894655,0.640783293497972,82.7,156059,139662,9308,7089,68342,"1",10
"443","Lake County","IN",18089,"2014",38.3226111559567,7.13452867265152,89.2,490572,347670,124107,18795,49617,"1",30
"444","Marion County","IN",18097,"2014",38.6421925644286,8.45632468861458,84.7,934212,616453,261540,56219,42378,"1",59
"445","Porter County","IN",18127,"2014",8.36640053544963,2.39040015298561,100.8,167336,155595,6144,5597,62818,"1",30
"446","St. Joseph County","IN",18141,"2014",15.6938943277782,0.747328301322771,90.6,267620,217104,35321,15195,45012,"2",22
"447","Polk County","IA",19153,"2014",36.1042237591892,7.6123363347688,94,459780,397130,30580,32070,59844,"2",14
"448","Johnson County","KS",20091,"2014",27.9220416596862,7.15502317529458,73.7,573024,502352,27745,42927,75017,"1",12
"449","Sedgwick County","KS",20173,"2014",25.7536379471008,7.66711358730483,109.2,508666,413092,47855,47719,50326,"2",25
"450","Boone County","KY",21015,"2014",69.1931443114487,16.7017934544876,97.5,125735,115994,3831,5910,67286,"1",18
"451","Campbell County","KY",21037,"2014",15.3022188217292,8.74412504098809,96.5,91490,86109,2690,2691,54482,"1",26
"452","Fayette County","KY",21067,"2014",41.193981816719,9.97666747123662,73.6,310725,243404,46927,20394,48667,"2",38
"453","Jefferson County","KY",21111,"2014",60.3389233380176,11.5682467401864,95.5,760703,557435,164303,38965,47692,"1",50
"454","Kenton County","KY",21117,"2014",17.7410178450169,3.6705554162104,80.4,163463,149678,7889,5896,54817,"1",42
"455","East Baton Rouge Parish","LA",22033,"2014",14.3541528358423,1.12141819030018,103.8,445864,217596,206585,21683,48535,"2",14
"456","Jefferson Parish","LA",22051,"2014",17.2470093685755,1.60972087440038,119.5,434858,288671,117915,28272,47871,"1",49
"457","Orleans Parish","LA",22071,"2014",13.2689831015598,1.56105683547762,71.9,384355,133441,232464,18450,36964,"1",30
"458","St. Tammany Parish","LA",22103,"2014",15.0390609122613,1.62584442294717,119.1,246026,207631,29034,9361,61942,"1",14
"459","Androscoggin County","ME",23001,"2014",27.9308803813496,6.51720542231491,92,107408,99596,4197,3615,45765,"2",11
"460","Cumberland County","ME",23005,"2014",64.525529213413,13.1826350005897,71.3,288258,267216,8315,12727,59560,"2",11
"461","York County","ME",23031,"2014",44.846177610795,11.4606898338698,79.8,200686,192956,1517,6213,56701,"2",19
"462","Anne Arundel County","MD",24003,"2014",15.7152398538483,2.14298725279749,78.2,559966,427079,92501,40386,89031,"1",81
"463","Baltimore County","MD",24005,"2014",15.3656665674553,1.81484250796716,83.1,826518,524569,229375,72574,66940,"1",121
"464","Carroll County","MD",24013,"2014",24.448419797257,2.38521168753727,81.4,167700,155958,5785,5957,85532,"1",29
"465","Cecil County","MD",24015,"2014",4.89332550401253,0.978665100802505,83.8,102180,91439,6707,4034,65124,"1",21
"466","Charles County","MD",24017,"2014",9.05756079887686,0,87.7,154567,74329,67995,12243,91910,"1",16
"467","Frederick County","MD",24021,"2014",16.0118898546203,2.87392894826517,79.6,243569,201879,22861,18829,84480,"1",30
"468","Harford County","MD",24025,"2014",8.80567085202871,2.00128883000652,85.3,249839,202036,33289,14514,81016,"1",27
"469","Howard County","MD",24027,"2014",13.629681552226,2.27161359203767,39.6,308151,186452,56773,64926,110133,"1",14
"470","Montgomery County","MD",24031,"2014",47.4809784195061,8.46484656249392,39.7,1027780,637771,194513,195496,98704,"1",45
"471","Prince George's County","MD",24033,"2014",5.99568976524654,1.22134421143911,45.4,900647,237305,588271,75071,73856,"1",38
"472","Queen Anne's County","MD",24035,"2014",2.05225029244567,0,77.1,48727,43808,3264,1655,86406,"1",10
"473","Washington County","MD",24043,"2014",258.933888223526,50.8500659043617,122.8,149459,126274,16123,7062,56477,"2",30
"474","Baltimore city","MD",24510,"2014",35.1325813784485,10.2670557453,66.6,623353,194472,396845,32036,41819,"1",201
"475","Barnstable County","MA",25001,"2014",9.30847350343017,2.79254205102905,77.7,214858,200712,5677,8469,61597,"2",37
"476","Berkshire County","MA",25003,"2014",13.9932987647027,3.10962194771171,82.5,128633,119612,4050,4971,49737,"2",20
"477","Bristol County","MA",25005,"2014",10.8094279830868,2.34204272966882,88.1,555071,501829,25816,27426,55957,"1",119
"478","Essex County","MA",25009,"2014",22.0667167710942,5.58158130092382,59.2,770391,667744,49060,53587,68776,"1",123
"479","Hampden County","MA",25013,"2014",24.0921214498767,4.69050152121493,83.9,469033,392069,49679,27285,50036,"2",42
"480","Hampshire County","MA",25015,"2014",9.93523468887192,3.10476084027247,70.3,161043,143152,4978,12913,61460,"2",15
"481","Middlesex County","MA",25017,"2014",20.127991092727,4.2039475067088,43.2,1569953,1269299,87001,213653,83488,"1",165
"482","Norfolk County","MA",25021,"2014",9.10216530399065,1.7337457721887,52.3,692143,560240,47114,84789,86469,"1",81
"483","Plymouth County","MA",25023,"2014",6.70694780613765,1.18357902461253,67.6,506937,437573,50950,18414,75816,"1",65
"484","Suffolk County","MA",25025,"2014",56.0805790742671,12.4912658726906,40.8,768537,478025,192943,97569,54169,"1",78
"485","Worcester County","MA",25027,"2014",17.0698969297518,3.80695543037631,66.6,814299,712956,43112,58231,65453,"2",95
"486","Genesee County","MI",26049,"2014",23.0128411653703,5.5715299663528,138.8,412813,310697,85341,16775,41879,"2",21
"487","Ingham County","MI",26065,"2014",32.7397925775722,8.80101951010005,86,284058,218967,34624,30467,45278,"2",10
"488","Kent County","MI",26081,"2014",41.8896683258572,6.66426541547728,87.4,630227,524331,65793,40103,52716,"2",41
"489","Livingston County","MI",26093,"2014",6.9995208020374,2.692123385399,67.2,185727,179830,1041,4856,73694,"1",14
"490","Macomb County","MI",26099,"2014",12.5318517899662,2.552784623882,107.8,861804,715665,93597,52542,54059,"1",104
"491","Monroe County","MI",26115,"2014",122.719026784761,25.3441468359834,107.6,149936,142335,3444,4157,54911,"2",22
"492","Oakland County","MI",26125,"2014",23.4113010386545,5.48954645044312,81.6,1238718,948084,178229,112405,66436,"1",30
"493","Ottawa County","MI",26139,"2014",5.776944934883,1.44423623372075,67.5,276963,257539,4919,14505,58160,"2",16
"494","St. Clair County","MI",26147,"2014",34.352027081889,3.7474938634788,117.5,160107,151071,3998,5038,48703,"1",19
"495","Washtenaw County","MI",26161,"2014",47.3563986851635,10.8641149924787,55.5,358980,268443,45729,44808,60805,"2",51
"496","Wayne County","MI",26163,"2014",16.0913900297974,4.41946627578943,101.7,1764919,965220,697248,102451,41421,"1",217
"497","Anoka County","MN",27003,"2014",13.7595475158162,1.46378165061874,61.6,341581,296961,18314,26306,70464,"1",10
"498","Dakota County","MN",27037,"2014",7.52465538292,1.94184655043097,59.3,411979,355513,23353,33113,74995,"1",11
"499","Hennepin County","MN",27053,"2014",22.0587506320204,6.19627826742146,47.8,1210404,917840,154405,138159,65033,"1",68
"500","Ramsey County","MN",27123,"2014",15.2140675654862,3.75655989271265,48.9,532402,371940,62778,97684,55460,"1",21
"501","St. Louis County","MN",27137,"2014",116.600642798415,23.9180805740339,80.6,200685,186080,3029,11576,47138,"2",19
"502","Washington County","MN",27163,"2014",155.405459670878,30.5189016407925,60.7,249026,218362,10496,20168,83182,"1",13
"503","DeSoto County","MS",28033,"2014",8.78091614225084,0.585394409483389,109.4,170825,122968,42369,5488,58995,"1",12
"504","Franklin County","MO",29071,"2014",337.159043017181,73.5085122857227,115.2,102029,98933,916,2180,48661,"1",14
"505","Greene County","MO",29077,"2014",32.8798939448527,8.74465264490764,127,285889,261489,9008,15392,40512,"2",22
"506","Jackson County","MO",29095,"2014",35.5782788019344,8.19910951814126,88.3,683001,480588,164448,37965,46917,"1",42
"507","Jefferson County","MO",29099,"2014",206.143896523848,39.5221413814785,90.7,222660,214925,2222,5513,55563,"1",51
"508","St. Charles County","MO",29183,"2014",8.68663363991008,1.57938793452911,81.2,379894,344831,17424,17639,72100,"1",46
"509","St. Francois County","MO",29187,"2014",13.6378100707651,1.51531223008501,197.9,65993,61689,2958,1346,37476,"3",11
"510","St. Louis County","MO",29189,"2014",23.3717902491693,4.79421338444497,75.3,1001207,699489,239757,61961,59520,"1",134
"511","St. Louis city","MO",29510,"2014",47.6581239742457,13.5715187476329,60.8,316840,145291,153161,18388,34800,"1",99
"512","Douglas County","NE",31055,"2014",41.2286126571841,8.09847748623259,72.3,543312,441529,62690,39093,53444,"2",10
"513","Clark County","NV",32003,"2014",12.1555582137431,2.3729974202128,85.3,2064899,1490440,241154,333305,52070,"1",98
"514","Washoe County","NV",32031,"2014",17.9977810330726,3.41730019615303,98,438943,374908,11407,52628,52910,"2",39
"515","Cheshire County","NH",33005,"2014",9.17575503355705,2.62164429530201,79.2,76288,73220,544,2524,56139,"5",11
"516","Grafton County","NH",33009,"2014",62.5943106242665,15.6485776560666,87.1,89465,83487,937,5041,55045,"8",13
"517","Hillsborough County","NH",33011,"2014",53.5798500258023,12.8394110660909,70.1,405003,370396,10323,24284,70906,"2",73
"518","Merrimack County","NH",33013,"2014",14.8936458291022,2.70793560529131,90.4,147714,140419,1930,5365,65226,"3",32
"519","Rockingham County","NH",33015,"2014",15.6389336243728,3.66017595464044,76,300532,287494,2665,10373,79368,"1",56
"520","Strafford County","NH",33017,"2014",37.23716110222,9.50736028141787,95,126218,117818,1502,6898,59580,"1",33
"521","Atlantic County","NJ",34001,"2014",14.1965309502575,3.27612252698251,84.7,274715,195713,47369,31633,54392,"2",28
"522","Bergen County","NJ",34003,"2014",11.4905991864226,2.04038677142084,44.4,931196,694440,63900,172856,83686,"1",46
"523","Burlington County","NJ",34005,"2014",14.8540972921202,1.10851472329255,73.9,451054,335807,79273,35974,79612,"1",15
"524","Cape May County","NJ",34009,"2014",5.24015636626597,0,96.8,95417,87620,4716,3081,57394,"2",11
"525","Cumberland County","NJ",34011,"2014",118.966906732504,24.3050669668556,98,156346,112882,34148,9316,50603,"2",17
"526","Essex County","NJ",34013,"2014",21.4256096531194,5.41941891225961,43,793443,392740,335276,65427,54499,"1",42
"527","Hudson County","NJ",34017,"2014",5.37631196946255,1.04539399406216,38.6,669604,439605,101173,128826,58973,"1",29
"528","Mercer County","NJ",34021,"2014",22.5995996642345,4.03564279718474,59.6,371688,242469,79306,49913,74118,"2",14
"529","Middlesex County","NJ",34023,"2014",37.9022314339038,7.91628884379003,45.8,833724,517923,92958,222843,80118,"1",49
"530","Monmouth County","NJ",34025,"2014",13.6992629477947,1.91152506248298,61.8,627771,532827,48089,46855,85605,"1",47
"531","Morris County","NJ",34027,"2014",12.0391030065653,3.21042746841742,45.9,498376,420319,17621,60436,99142,"1",19
"532","Ocean County","NJ",34029,"2014",8.36347312850221,1.53614812564326,72.6,585881,545585,19978,20318,61839,"1",35
"533","Passaic County","NJ",34031,"2014",8.46148548264904,0.590336196463886,50.8,508185,382282,76256,49647,59513,"1",30
"534","Somerset County","NJ",34035,"2014",14.1515115018668,3.31205588341563,38.7,332120,236665,32488,62967,100903,"1",12
"535","Union County","NJ",34039,"2014",19.9628328348674,5.26292865646505,45.2,551024,376958,130147,43919,69396,"1",20
"536","Bernalillo County","NM",35001,"2014",17.7822826227089,4.00101359010949,74.7,674829,573065,22708,79056,48390,"2",66
"537","Dona Ana County","NM",35013,"2014",6.55627154203507,0.936610220290724,51.3,213536,196909,4700,11927,38426,"2",11
"538","Rio Arriba County","NM",35039,"2014",7.54868904433597,2.51622968144532,93.7,39742,31066,338,8338,38635,"5",14
"539","Sandoval County","NM",35043,"2014",4.36236731132761,0.727061218554602,57.4,137540,108786,3413,25341,57092,"2",12
"540","Santa Fe County","NM",35049,"2014",14.932565889947,4.07251796998554,90.4,147329,134265,1657,11407,52958,"2",23
"541","Albany County","NY",36001,"2014",29.1928185666326,7.13602231628797,51.5,308295,238777,41976,27542,59940,"2",20
"542","Bronx County","NY",36005,"2014",2.92135909972059,0.486893183286766,32.5,1437687,648983,630109,158595,34284,"1",69
"543","Broome County","NY",36007,"2014",13.1533017316828,2.02358488179735,71.6,197669,172624,11055,13990,46368,"2",16
"544","Chautauqua County","NY",36013,"2014",5.30383391422943,1.51538111835127,81.7,131980,124016,3493,4471,42720,"3",11
"545","Dutchess County","NY",36027,"2014",10.8143547040753,1.68974292251177,57.7,295903,243251,32762,19890,72471,"1",18
"546","Erie County","NY",36029,"2014",21.7602646741049,4.87170104644138,73.7,923702,741228,128141,54333,51050,"1",53
"547","Jefferson County","NY",36045,"2014",386.610963242478,74.1214918634817,27.3,118724,104735,7690,6299,48613,"2",11
"548","Kings County","NY",36047,"2014",3.10042625119424,0.727260478675192,24.4,2612544,1290365,916880,405299,46958,"1",84
"549","Monroe County","NY",36055,"2014",24.5304223898764,5.06606549356143,51.9,750089,580253,120887,48949,52501,"1",72
"550","Nassau County","NY",36059,"2014",11.8574251417183,2.43040391103543,44.6,1357799,1035182,169294,153323,98401,"1",69
"551","New York County","NY",36061,"2014",19.9453277763774,3.79328319673435,42.7,1634468,1061942,297103,275423,71656,"1",52
"552","Niagara County","NY",36063,"2014",3.27893425268404,0.468419178954863,80.8,213484,188728,15055,9701,49091,"1",13
"553","Oneida County","NY",36065,"2014",15.8653248318061,3.85913306719608,58.7,233213,202972,15745,14496,48931,"2",15
"554","Onondaga County","NY",36067,"2014",18.5603167627394,3.8400655371185,46.2,468742,378716,54796,35230,54498,"2",20
"555","Orange County","NY",36071,"2014",135.705428749328,26.6089075979075,61.4,375814,308016,43900,23898,70794,"1",26
"556","Queens County","NY",36081,"2014",2.72238304447985,0.734611297716785,25.6,2314149,1135491,480238,698420,57210,"1",43
"557","Richmond County","NY",36085,"2014",16.4855371114803,2.95894255847082,49.1,473142,366074,55525,51543,74043,"1",28
"558","Saratoga County","NY",36091,"2014",8.4560197959874,3.11537571431115,52.9,224692,210993,3701,9998,70581,"2",17
"559","Suffolk County","NY",36103,"2014",28.7331800897062,6.39996586684871,54.7,1500008,1279471,124551,95986,88323,"1",120
"560","Ulster County","NY",36111,"2014",2.76732344476422,1.66039406685853,66.4,180680,159301,12358,9021,58592,"2",16
"561","Westchester County","NY",36119,"2014",7.21459822417818,0.824525511334649,36.9,970255,722907,155997,91351,83422,"1",33
"562","Alamance County","NC",37001,"2014",7.69053295393371,2.56351098464457,96,156036,117800,30519,7717,42592,"2",10
"563","Brunswick County","NC",37019,"2014",5.05012246546979,1.6833741551566,123.7,118809,101673,13211,3925,46955,"2",12
"564","Buncombe County","NC",37021,"2014",35.6004272051265,4.40005280063361,95.6,249997,223915,16286,9796,45642,"2",18
"565","Burke County","NC",37023,"2014",4.5101421822323,0,159.3,88689,77053,5534,6102,37735,"2",11
"566","Cabarrus County","NC",37025,"2014",16.1630065277691,2.60693653673695,110.3,191796,148485,32766,10545,53935,"1",13
"567","Catawba County","NC",37035,"2014",22.5647770277676,2.57883166031629,142.6,155109,131363,13740,10006,45397,"2",15
"568","Cumberland County","NC",37051,"2014",56.9907068379656,11.6432626873263,96.5,326369,172226,124169,29974,44778,"2",20
"569","Davidson County","NC",37057,"2014",132.350967930812,14.0279827760768,84.5,163958,142540,15393,6025,42866,"2",13
"570","Durham County","NC",37063,"2014",31.1741823554128,6.43814635600916,57.8,295116,155631,114974,24511,52038,"2",11
"571","Forsyth County","NC",37067,"2014",26.0231907719026,4.656781506551,92.6,365059,246079,99559,19421,46003,"2",24
"572","Gaston County","NC",37071,"2014",9.95633436215455,1.42233348030779,138.1,210921,169096,33774,8051,42158,"1",24
"573","Guilford County","NC",37081,"2014",15.4127695771438,1.36568844354439,88.9,512562,298633,174678,39251,45050,"2",31
"574","Iredell County","NC",37097,"2014",16.774402262148,1.19817159015343,116.4,166921,138744,20129,8048,51889,"1",19
"575","Mecklenburg County","NC",37119,"2014",19.5869333391369,3.06664107834971,63.7,1010878,595331,327502,88045,56472,"1",63
"576","New Hanover County","NC",37129,"2014",21.7167306617134,0.924116198370783,119.1,216423,175888,31595,8940,49582,"2",17
"577","Onslow County","NC",37133,"2014",6.47766285924039,0.539805238270032,86.1,185252,142080,29396,13776,46141,"2",10
"578","Pitt County","NC",37147,"2014",23.9856086348191,2.85542959938323,94,175105,105975,61040,8090,42011,"2",12
"579","Robeson County","NC",37155,"2014",7.41460231780469,0,141.1,134869,42612,33123,59134,30581,"5",12
"580","Rowan County","NC",37159,"2014",11.5475107897054,1.44343884871317,96.4,138558,110976,23016,4566,41925,"1",14
"581","Surry County","NC",37171,"2014",12.3629770048628,1.37366411165142,191.5,72798,68099,2913,1786,35894,"5",10
"582","Union County","NC",37179,"2014",50.4198599244619,13.29250852554,76.6,218168,181571,26383,10214,65893,"1",12
"583","Wake County","NC",37183,"2014",11.6244462103804,1.20252891831522,61.3,997897,688530,213247,96120,66579,"1",38
"584","Wilkes County","NC",37193,"2014",8.71750911706162,1.45291818617694,100.2,68827,64299,3013,1515,32157,"3",18
"585","Ashtabula County","OH",39007,"2014",6.05375736540479,2.0179191218016,86.9,99112,92608,3696,2808,40304,"3",16
"586","Brown County","OH",39015,"2014",149.724371044214,34.0282661464123,102.4,44081,42968,411,702,44899,"1",10
"587","Butler County","OH",39017,"2014",19.2796377570284,3.21327295950473,93.4,373451,322917,30405,20129,56998,"1",75
"588","Clark County","OH",39023,"2014",184.001407500806,35.9205934961734,115.7,136412,118928,12325,5159,43011,"2",24
"589","Clermont County","OH",39025,"2014",3.97426662361211,0.993566655903028,100.2,201295,192714,2769,5812,60552,"1",57
"590","Cuyahoga County","OH",39035,"2014",24.360709904414,5.07845418202767,70.1,1260226,810150,382829,67247,44203,"1",133
"591","Fairfield County","OH",39045,"2014",84.3898678999548,19.2701273157377,86.2,150492,134376,10845,5271,60704,"1",12
"592","Franklin County","OH",39049,"2014",27.8906556574249,6.08081155321764,88.5,1233388,856834,277278,99276,51890,"1",129
"593","Greene County","OH",39057,"2014",57.1084879008986,15.1884276332177,91.1,164599,142763,11798,10038,58775,"2",20
"594","Hamilton County","OH",39061,"2014",38.438646959627,7.43973812121813,86.4,806480,554837,211705,39938,48927,"1",162
"595","Lake County","OH",39085,"2014",81.9672131147541,15.2598535054063,85,229360,213411,8806,7143,56809,"1",28
"596","Licking County","OH",39089,"2014",3.5394680179569,0,76.6,169517,157677,6305,5535,55777,"1",11
"597","Lorain County","OH",39093,"2014",7.23018272643618,2.30051268568424,86.1,304280,264318,26791,13171,52610,"1",30
"598","Lucas County","OH",39095,"2014",26.6894293753983,3.91138189122217,112.1,434629,327044,85771,21814,41751,"2",72
"599","Mahoning County","OH",39099,"2014",21.4379735112399,5.14511364269758,112.3,233231,188450,37363,7418,41350,"2",13
"600","Marion County","OH",39101,"2014",549.835506275131,120.324113561594,115.9,65656,59724,4198,1734,42904,"3",19
"601","Medina County","OH",39103,"2014",6.82310530894452,1.70577632723613,73.1,175873,168885,2364,4624,66296,"1",13
"602","Montgomery County","OH",39113,"2014",91.6977806506409,16.3477600750118,111.8,532183,393434,112828,25921,43281,"2",111
"603","Portage County","OH",39133,"2014",14.1898228122995,1.85084645377819,67.9,162088,148495,7209,6384,53027,"2",27
"604","Richland County","OH",39139,"2014",57.4184657785944,8.20263796837063,87.9,121912,106778,11504,3630,42042,"2",24
"605","Scioto County","OH",39145,"2014",6.46512710439887,2.58605084175955,124.5,77338,73282,1979,2077,36945,"5",12
"606","Stark County","OH",39151,"2014",13.8458793864145,3.46146984660363,111.5,375563,332908,29333,13322,46290,"2",18
"607","Summit County","OH",39153,"2014",32.8251580863302,9.40496102473505,91.4,542267,432598,80295,29374,50082,"2",93
"608","Trumbull County","OH",39155,"2014",8.77022022997466,2.92340674332489,105.6,205240,182441,17416,5383,43226,"2",40
"609","Warren County","OH",39165,"2014",31.5519976921967,6.31039953843935,76.4,221856,199715,7537,14604,73177,"1",24
"610","Cleveland County","OK",40027,"2014",11.8515006962757,2.96287517406892,93.8,270008,216041,13155,40812,55626,"1",12
"611","Oklahoma County","OK",40109,"2014",23.4867671639337,3.52301507459006,126.5,766389,546911,121386,98092,46584,"1",44
"612","Tulsa County","OK",40143,"2014",23.334148176603,5.87322096962116,144.1,629978,464497,68080,97401,48926,"2",35
"613","Clackamas County","OR",41005,"2014",14.2027441730706,4.05792690659159,86.9,394290,356556,3995,33739,64700,"1",25
"614","Jackson County","OR",41029,"2014",115.543171778937,26.6272330025534,124.5,210311,195141,1723,13447,44086,"2",13
"615","Lane County","OR",41039,"2014",19.5289614498301,4.74274778067302,123.4,358442,323419,3840,31183,43685,"2",20
"616","Linn County","OR",41043,"2014",28.5263617142665,9.22911702520388,127,119188,111319,795,7074,44965,"2",16
"617","Multnomah County","OR",41051,"2014",25.2202266217506,6.43373128105884,65.3,777154,625533,45210,106411,52845,"1",69
"618","Washington County","OR",41067,"2014",68.8396516393443,13.518897996357,60.1,562176,462877,11957,87342,65272,"1",26
"619","Allegheny County","PA",42003,"2014",29.6106163388947,7.78799772201067,84.2,1232666,997452,164944,70270,52390,"1",148
"620","Beaver County","PA",42007,"2014",4.72277321243034,1.77103995466138,85.8,169392,154355,10699,4338,50242,"1",15
"621","Berks County","PA",42011,"2014",7.97061018643982,0.966134568053311,65.8,414021,366964,27851,19206,55798,"2",33
"622","Bucks County","PA",42017,"2014",11.6581945129829,2.39551942047594,75.3,626169,560606,25464,40099,76824,"1",21
"623","Butler County","PA",42019,"2014",38.6803552145954,6.44672586909923,78,186141,179490,2259,4392,59365,"1",13
"624","Cambria County","PA",42021,"2014",19.633936167892,6.54464538929732,109.2,137517,129860,4751,2906,42304,"2",10
"625","Chester County","PA",42029,"2014",9.748507990852,1.16982095890224,57.3,512899,445096,32596,35207,86093,"1",11
"626","Cumberland County","PA",42041,"2014",76.3267935770593,15.5936459996143,79.6,243689,219789,9203,14697,61417,"2",13
"627","Dauphin County","PA",42043,"2014",31.620320835953,6.98588483585009,76.8,271977,200480,51171,20326,54337,"2",16
"628","Delaware County","PA",42045,"2014",19.730457071147,4.26604477213988,82.2,562582,399846,119757,42979,64174,"1",36
"629","Erie County","PA",42049,"2014",71.9782561208375,16.1145349524263,93.2,279251,246615,21318,11318,45703,"2",19
"630","Fayette County","PA",42051,"2014",95.2551050782878,23.0695957611478,134.9,134376,125023,6354,2999,38879,"1",14
"631","Lackawanna County","PA",42069,"2014",7.51304217164484,0.469565135727802,123.4,212963,196902,6822,9239,46056,"2",14
"632","Lancaster County","PA",42071,"2014",21.9244823386115,4.4973297104844,65.1,533650,484030,25407,24213,57120,"2",26
"633","Lawrence County","PA",42073,"2014",16.9537501695375,3.3907500339075,114.2,88476,82834,3528,2114,43991,"3",14
"634","Lehigh County","PA",42077,"2014",17.8495727258529,3.06789531225596,53.7,358552,303548,30551,24453,55681,"2",17
"635","Mercer County","PA",42085,"2014",73.084151179787,13.0507412821048,124.2,114936,105310,6693,2933,43715,"2",10
"636","Montgomery County","PA",42091,"2014",59.7782813744105,10.6571936056838,65.9,816350,661667,76634,78049,79926,"1",46
"637","Philadelphia County","PA",42101,"2014",23.1960728151638,5.95921207682385,80,1560609,700114,695324,165171,37460,"1",34
"638","Washington County","PA",42125,"2014",185.741574435816,36.4763815429509,83.6,208354,196051,6672,5631,55323,"1",22
"639","Westmoreland County","PA",42129,"2014",9.73850717032371,3.06067368210174,83.6,359398,342004,8787,8607,51593,"1",13
"640","York County","PA",42133,"2014",20.4271544973785,5.22027281599673,72.3,440590,395669,28271,16650,58906,"2",35
"641","Kent County","RI",44003,"2014",159.981577878911,25.451614662554,87.8,165019,154468,2929,7622,62976,"1",17
"642","Providence County","RI",44007,"2014",20.1119937161897,4.59250250212205,70.6,631464,502349,73382,55733,49139,"1",82
"643","Washington County","RI",44009,"2014",306.16846385709,60.1261065972579,73.5,126401,118714,1705,5982,72784,"1",19
"644","Aiken County","SC",45003,"2014",3.64170480340864,0,97.9,164758,117910,41309,5539,45597,"2",13
"645","Charleston County","SC",45019,"2014",38.9186914904807,8.41485221415799,91,380280,257565,109228,13487,52083,"2",16
"646","Greenville County","SC",45045,"2014",22.6302119558109,4.98279896274735,104,481657,371033,88985,21639,49968,"2",20
"647","Horry County","SC",45051,"2014",8.03226292273967,1.6733881089041,129.8,298795,246389,40773,11633,42322,"2",10
"648","Pickens County","SC",45077,"2014",6.64170492565442,1.6604262314136,114.8,120451,107854,8073,4524,41501,"2",12
"649","Richland County","SC",45079,"2014",17.4417011140264,2.49167158771805,74.7,401337,190676,189294,21367,48674,"2",12
"650","Spartanburg County","SC",45083,"2014",19.7649336000463,4.43007132414832,125.4,293449,219153,61330,12966,43555,"2",14
"651","York County","SC",45091,"2014",36.7270486551779,9.38580132298991,85.7,245051,186129,47596,11326,53568,"1",16
"652","Blount County","TN",47009,"2014",15.0683627827301,1.58614345081369,110.1,126092,118793,3674,3625,46518,"2",14
"653","Davidson County","TN",47037,"2014",32.4510729042514,3.43951463962112,95.8,668699,437254,188366,43079,47434,"1",32
"654","Hamblen County","TN",47063,"2014",17.4542223350576,1.58674748500524,199.9,63022,57770,2831,2421,38600,"2",13
"655","Hamilton County","TN",47065,"2014",88.4337246287923,17.116204766863,136.1,350545,265389,69681,15475,47880,"2",23
"656","Knox County","TN",47093,"2014",35.0348675034868,7.58716875871688,117.9,448125,387022,40298,20805,47543,"2",68
"657","Roane County","TN",47145,"2014",0,0,167.3,52773,49975,1390,1408,41726,"2",10
"658","Shelby County","TN",47157,"2014",16.7527065758108,3.09444898534085,79.2,937162,392675,503226,41261,46213,"1",51
"659","Bexar County","TX",48029,"2014",10.2757284603785,2.42098314511534,64.5,1858749,1583640,153604,121505,50867,"1",77
"660","Collin County","TX",48085,"2014",8.9247888835541,2.25944022368458,61.9,885175,657201,84159,143815,84233,"1",28
"661","Dallas County","TX",48113,"2014",11.6627081126673,2.14944108561104,59.8,2512281,1704596,582423,225262,49925,"1",101
"662","Denton County","TX",48121,"2014",4.51635185037592,0.265667755904466,66.9,752820,597746,71398,83676,74662,"1",11
"663","Ector County","TX",48135,"2014",9.70434107524099,3.8817364300964,92.4,154570,140712,7570,6288,54903,"2",13
"664","El Paso County","TX",48141,"2014",14.6249655354296,2.75716563372853,39.6,834190,769770,32606,31814,40783,"2",28
"665","Fort Bend County","TX",48157,"2014",3.35940033243457,0.438182652056683,44.2,684646,392207,144723,147716,86407,"1",12
"666","Galveston County","TX",48167,"2014",7.65067038999292,1.91266759749823,92.4,313698,252081,42551,19066,61744,"1",14
"667","Harris County","TX",48201,"2014",7.72187212399661,1.23820106944552,55.1,4441928,3129390,869106,443432,53822,"1",65
"668","Jefferson County","TX",48245,"2014",181.984703769343,34.8903135766933,102,252219,149269,86999,15951,42368,"2",12
"669","Lubbock County","TX",48303,"2014",23.3857875418148,3.72816902840526,94.2,295051,256651,23148,15252,45529,"2",10
"670","Nueces County","TX",48355,"2014",8.98056549498351,1.40321335859117,92.1,356325,325180,15462,15683,49368,"2",24
"671","Tarrant County","TX",48439,"2014",11.3138926373301,2.00564460389033,76,1944512,1461680,314789,168043,57727,"1",59
"672","Travis County","TX",48453,"2014",14.8738592358838,2.60944898875154,61.1,1149668,928380,102708,118580,59620,"1",17
"673","Davis County","UT",49011,"2014",7.8919890240645,1.21415215754838,72.9,329448,306098,4565,18785,70388,"2",13
"674","Salt Lake County","UT",49035,"2014",17.2257554364209,2.1990326089048,80.2,1091389,966822,21186,103381,61446,"1",74
"675","Utah County","UT",49049,"2014",8.19625395558343,1.24725603671922,64.5,561232,525521,3936,31775,60830,"2",22
"676","Weber County","UT",49057,"2014",18.2924801277148,3.32590547776632,90.7,240536,223374,3875,13287,56216,"2",17
"677","Chittenden County","VT",50007,"2014",23.0027976375505,4.97357786757849,43.6,160850,147227,3860,9763,64243,"2",10
"678","Chesterfield County","VA",51041,"2014",10.5251445703786,2.40574733037226,77.9,332537,232821,77031,22685,72514,"1",15
"679","Fairfax County","VA",51059,"2014",8.80756182027642,1.14498303663593,33.7,1135388,759877,112740,262771,112102,"1",35
"680","Frederick County","VA",51069,"2014",47.2991001043006,8.48958207000267,62.9,82454,75545,3575,3334,68719,"2",10
"681","Hanover County","VA",51085,"2014",11.7824951397208,1.96374918995346,102,101846,88636,9530,3680,77550,"1",10
"682","Henrico County","VA",51087,"2014",8.36729318065606,0.929699242295117,81,322685,191236,96619,34830,61438,"1",22
"683","Loudoun County","VA",51107,"2014",3.85889668631029,0.551270955187184,40.9,362798,257610,27493,77695,123966,"1",12
"684","Prince William County","VA",51153,"2014",6.53354751353458,1.1264737092301,44,443863,285843,96047,61973,98514,"1",12
"685","Roanoke County","VA",51161,"2014",11.7370892018779,3.20102432778489,98.6,93720,83630,5357,4733,60950,"2",12
"686","Chesapeake city","VA",51550,"2014",9.84369917655316,2.56792152431822,74.8,233652,146747,70554,16351,70176,"1",10
"687","Norfolk city","VA",51710,"2014",18.2744827306138,3.65489654612276,74.1,246245,120960,105796,19489,44150,"1",21
"688","Portsmouth city","VA",51740,"2014",22.9180990478572,6.25039064941559,120.6,95994,39687,51719,4588,46239,"1",12
"689","Richmond city","VA",51760,"2014",34.6354731898347,4.15625678278017,67.8,216541,95577,109686,11278,41331,"1",33
"690","Virginia Beach city","VA",51810,"2014",13.5520621350941,1.5551546712403,68.4,450116,309575,90064,50477,67001,"1",20
"691","Clark County","WA",53011,"2014",55.8215666956524,10.8974373230556,67.5,449647,393717,9503,46427,59551,"1",28
"692","King County","WA",53033,"2014",21.020873679461,5.96473303490427,55.5,2078886,1456684,138801,483401,73035,"1",80
"693","Kitsap County","WA",53035,"2014",11.0118298514976,3.53951673798137,71.2,254272,212474,7144,34654,62473,"2",11
"694","Pierce County","WA",53053,"2014",16.2611810676489,4.57722133756044,72.9,830198,634251,60607,135340,59711,"1",53
"695","Snohomish County","WA",53061,"2014",11.8740088500946,2.77060206502207,83.5,757958,608518,23727,125713,69443,"1",30
"696","Spokane County","WA",53063,"2014",23.537330412502,4.95522745526359,92.5,484337,435379,9102,39856,50432,"2",15
"697","Berkeley County","WV",54003,"2014",5.44276928101018,0.907128213501696,115.3,110238,97611,8166,4461,55100,"2",26
"698","Cabell County","WV",54011,"2014",39.3244473880288,9.31368490769103,148.8,96632,88322,4791,3519,37716,"2",13
"699","Harrison County","WV",54033,"2014",65.4136322009507,4.36090881339671,130.3,68793,65980,1172,1641,43130,"8",11
"700","Kanawha County","WV",54039,"2014",25.240972408462,5.25853591842959,155.2,190167,168962,14267,6938,46583,"2",20
"701","Dane County","WI",55025,"2014",26.3313804226187,6.00200583162631,62.4,516494,444304,27608,44582,62303,"2",16
"702","Milwaukee County","WI",55079,"2014",29.8792814346234,8.46231397274299,89.7,957185,623120,261324,72741,43385,"1",74
"703","Racine County","WI",55101,"2014",8.20828523791202,2.052071309478,89.1,194925,164042,22784,8099,55055,"2",16
"704","Walworth County","WI",55127,"2014",5.80119311205005,0,72.4,103427,99351,1258,2818,53998,"3",12
"705","Washington County","WI",55131,"2014",290.033200182863,56.9574243253168,76.1,133433,128369,1456,3608,67650,"1",10
"706","Waukesha County","WI",55133,"2014",13.4047240270826,1.77043524885997,76.9,395383,370343,5440,19600,76319,"1",26
"707","Winnebago County","WI",55139,"2014",55.9808133128267,15.321064696142,64.2,169701,157784,3416,8501,51949,"2",12
