11.5146812185537	1.00127662770032	143.5	199745	174273	18805	6667	50183	2	12
69.5736002291836	13.338729455704	130.2	659733	355382	284064	20287	45239	1	95
19.3077216405771	3.13750476659378	158.5	414342	249001	146815	18526	43844	2	15
76.2172921015583	14.0783533181222	110.5	205990	173897	24233	7860	69723	1	13
25.2971583968259	5.3257175572265	68	300429	198831	18221	83377	78121	2	22
14.6672409499573	3.33012482336259	77.9	4083931	3447658	234432	401841	53689	1	157
11.3308865187083	1.47794171983151	142.2	202985	187399	2489	13097	38456	2	24
14.753423442193	3.98741174113324	84.2	1003157	858901	40717	103539	46233	2	107
27.2519120909348	2.80159843925498	117.5	392633	231741	141991	18901	46410	2	10
10.1313470092015	1.926820596842	38	1608868	830760	194912	583196	73775	1	29
16.0732942216507	5.35776474055024	143.9	223974	194464	3842	25668	43165	2	14
11.7223145980689	1.62308971357877	51.8	1108996	748616	106128	254252	79799	1	35
8.09841862802406	2.69947287600802	66.1	963151	745345	56154	161652	45201	2	30
8.16841792596443	2.22775034344484	113.6	134665	113211	1741	19713	42153	8	16
5.61837690824159	1.1466075322942	64.4	872138	723151	54503	94484	48574	2	43
54.1194235279183	12.6946795929685	78.5	149669	121955	10866	16848	47341	2	12
7.03314868006773	1.45033856961849	39.8	10066615	7181276	923209	1962130	55870	1	169
8.14139036338514	1.16305576619788	60.3	429902	355851	15167	58884	58582	2	10
16.2708594012707	3.19036458848444	47.6	3134438	2308206	64242	761990	75998	1	69
5.7697565722479	0.947273467085476	56.9	2322455	1871910	163022	287523	56592	1	115
14.81594737159	3.11202547531115	60.1	1478137	956910	160814	360413	55615	1	45
6.36296941738468	0.854727235171076	58.7	2105935	1630888	200895	274152	54100	1	43
11.7219048647746	2.91513340877903	46.7	3258856	2489562	180483	588811	63996	1	95
14.5809619672069	3.2924752829177	38.6	850424	460360	48934	341130	78378	1	34
9.11362304372576	1.68251502345706	69.4	713218	486923	57902	168393	53253	2	19
10.7574306952527	1.79290511587546	86	278877	248711	5935	24231	59454	2	16
10.0420311857921	2.90690376430824	36.1	756819	474477	21966	260376	91421	1	15
13.6192467194639	2.49686189856839	62.4	440553	379113	10608	50832	63409	2	10
12.0117005604755	3.49238870921313	28.9	1889824	1064534	54165	771125	93854	1	24
14.0236409062224	4.05947499916965	70.3	270971	238159	3793	29019	66923	2	30
8.84541702649668	1.16387066138114	52.9	429601	260492	64119	104990	67341	2	19
10.6176677992179	2.40400025642669	65.5	499168	437156	9471	52541	63799	2	20
10.759711111195	1.69890175439921	103.9	529754	446675	17353	65726	49573	2	14
5.04258794382996	0.876971816318253	78.8	456115	403558	9802	42755	42863	2	16
8.88543475839911	1.77708695167982	60.2	844078	717063	18821	108194	77335	2	25
28.9314511932663	8.53373740233033	60.6	480446	418115	17633	44698	57421	1	46
23.7745974087306	4.20503083419725	66.7	618307	484500	67750	66057	62213	1	29
23.3074928800398	6.06633376329804	53.6	313204	284992	3409	24803	69407	2	16
20.8325470808016	5.88745895761784	48.2	662425	534723	68066	59636	51800	1	47
71.1154006114655	13.9690965486807	55.9	314981	287975	4086	22920	102626	1	14
18.4110091798499	3.47092796013564	75.1	662647	556291	45026	61330	57487	2	57
82.0997503022845	15.7402571385643	81.4	559076	516152	6886	36038	69698	1	29
19.4019876258434	3.69561669063685	78.5	324709	302922	3349	18438	58844	2	24
17.9733498605516	3.71862410907964	125	161350	146483	3876	10991	41974	2	19
8.69051972929031	0.724209977440859	69.8	276163	257729	3811	14623	58100	2	15
13.4578662817929	3.07305608009444	50.7	943686	753863	114808	75015	83163	2	56
18.2983024977183	3.2356754416697	66.5	896258	688848	135481	71929	65499	1	92
6.48263194857112	1.08043865809519	71.1	185110	174891	3347	6872	72068	3	29
192.033058855702	40.1081705204947	73.5	164555	147366	8791	8398	77931	1	15
16.9465163301739	3.13394480078558	75.4	861534	679523	122184	59827	61646	2	84
13.600291119745	1.83787717834393	79.6	272053	228885	18287	24881	66693	2	34
3.29471922402773	0	54.5	151758	136789	5454	9515	79988	1	14
7.69763682549457	0.855292980610508	82.4	116919	108582	3329	5008	59218	2	18
153.533896678666	24.4258471988787	94.4	171949	117383	43447	11119	55169	2	26
23.3580977454909	5.97532733024186	81.2	552271	369860	137931	44480	64857	1	39
13.2872707945788	2.37272692760336	113.8	210728	173841	27148	9739	53505	2	20
15.4778795305043	2.88313442234884	40.1	659005	287733	323219	48053	69235	1	41
12.7400192715221	3.22986404066758	97	557299	467533	59118	30648	48483	2	23
8.41649311000142	1.28659767286646	54.7	1865385	1205042	544093	116250	51574	1	53
5.02642463235294	0.718060661764706	107.2	139264	130133	4185	4946	38109	2	11
8.62319236330084	0.862319236330084	62	347899	312154	25199	10546	56250	2	24
15.249807429439	2.00362433379491	95.1	898372	555542	271076	71754	47582	1	67
16.4753901706456	3.94801976439433	72.9	1317116	992498	230506	94112	50122	1	51
59.5583180477544	11.087984742933	87.1	315657	267378	33261	15018	45465	1	12
14.305771862759	1.47482184152154	68.8	678048	590926	61167	25955	47908	2	38
7.96103641321191	0.852968187129847	82.3	351713	304203	32559	14951	49228	2	33
106.464865119928	23.2984053863554	89.6	339079	281047	44689	13343	39339	2	18
4.16151320118217	0.637348868649522	34.4	2667299	2079621	504103	83575	43099	1	35
40.6818274276881	7.97682890738981	50.8	1253631	861811	282026	109794	47556	1	96
6.100595610782	0.321083979514842	60.1	311445	249140	41886	20419	44551	1	26
8.51504730502331	1.64576544550871	63.3	1397526	1061347	265708	70471	52878	1	50
9.2698070026182	2.05995711169293	90.7	485447	435067	26742	23638	44518	1	45
11.0938421708942	1.60007339003282	88.9	937457	780396	101999	55062	45574	1	64
26.144532012877	5.51240132801623	74.7	634932	506364	99535	29033	43063	2	21
14.3744467729367	1.51309966030913	85.1	396537	363670	19498	13369	50304	2	21
7.91271596062633	2.03469838987534	59.3	442326	357045	53719	31562	57875	1	22
10.2379738262261	1.18130467225686	86.9	507913	429843	56365	21705	41714	2	21
8.91453837777345	1.0971739541875	65	729146	471459	199363	58324	64657	1	36
9.96381198840323	3.04449810756765	48.6	722615	259702	399415	63498	50799	1	26
13.275110575637	1.50853529268602	52.3	994342	461953	443079	89310	56642	1	60
5.14040149962646	0.571155722180718	49.4	875418	509086	236243	130089	60329	1	26
2.01393644016595	0	63	148962	117006	26613	5343	61153	1	12
7.18197506337334	1.82078241043268	38	988586	221054	25722	741810	73581	2	18
26.4996951362506	3.98667979925895	81.5	426420	394604	5216	26600	55805	2	10
17.4210969484045	2.41959679838952	72	206646	152323	26629	27694	46680	2	20
10.8412380846586	2.09953554456417	45.2	5239254	3445809	1283134	510311	54828	1	383
17.6959070975602	4.5044127157426	51.3	932419	757738	47471	127210	79016	1	50
7.97514792000547	2.46849816571598	46	526636	458860	31561	36215	70514	1	22
13.4576219484842	1.79434959313123	86	111461	90570	17187	3704	51000	2	10
26.7289584094564	4.97613587410092	57.5	703357	579694	52354	71309	77873	1	46
7.4979869535027	1.30399773104395	72.7	306749	288081	4324	14344	76345	1	22
12.0798651656955	1.72569502367078	64.2	173843	146415	13293	14135	61955	2	14
52.8808829982336	6.00066757426764	116.5	266637	235895	22208	8534	53912	1	52
32.5729420308428	8.00973984364988	87.6	187272	139882	34222	13168	51454	2	18
20.7088449359344	2.25914672028375	79.5	265587	174353	80633	10601	50728	1	25
35.6857442990767	7.53924175332606	111.1	198959	165486	24673	8800	55565	2	14
2.95057056658331	1.47528528329166	99.8	135567	130579	1623	3365	57052	2	11
7.00618441737008	1.16769740289501	58.4	685109	552726	80385	51998	76142	1	51
32.9130852033162	9.00779173985497	102.5	288639	234713	37220	16706	47523	2	52
32.2968242368507	6.29514370718276	85.8	365361	295959	44150	25252	49124	2	13
95.1874592666278	20.5810722738655	129	116612	104000	8232	4380	37900	2	11
10.8933159894655	0.640783293497972	82.7	156059	139662	9308	7089	68342	1	10
38.3226111559567	7.13452867265152	89.2	490572	347670	124107	18795	49617	1	30
38.6421925644286	8.45632468861458	84.7	934212	616453	261540	56219	42378	1	59
8.36640053544963	2.39040015298561	100.8	167336	155595	6144	5597	62818	1	30
15.6938943277782	0.747328301322771	90.6	267620	217104	35321	15195	45012	2	22
36.1042237591892	7.6123363347688	94	459780	397130	30580	32070	59844	2	14
27.9220416596862	7.15502317529458	73.7	573024	502352	27745	42927	75017	1	12
25.7536379471008	7.66711358730483	109.2	508666	413092	47855	47719	50326	2	25
69.1931443114487	16.7017934544876	97.5	125735	115994	3831	5910	67286	1	18
15.3022188217292	8.74412504098809	96.5	91490	86109	2690	2691	54482	1	26
41.193981816719	9.97666747123662	73.6	310725	243404	46927	20394	48667	2	38
60.3389233380176	11.5682467401864	95.5	760703	557435	164303	38965	47692	1	50
17.7410178450169	3.6705554162104	80.4	163463	149678	7889	5896	54817	1	42
14.3541528358423	1.12141819030018	103.8	445864	217596	206585	21683	48535	2	14
17.2470093685755	1.60972087440038	119.5	434858	288671	117915	28272	47871	1	49
13.2689831015598	1.56105683547762	71.9	384355	133441	232464	18450	36964	1	30
15.0390609122613	1.62584442294717	119.1	246026	207631	29034	9361	61942	1	14
27.9308803813496	6.51720542231491	92	107408	99596	4197	3615	45765	2	11
64.525529213413	13.1826350005897	71.3	288258	267216	8315	12727	59560	2	11
44.846177610795	11.4606898338698	79.8	200686	192956	1517	6213	56701	2	19
15.7152398538483	2.14298725279749	78.2	559966	427079	92501	40386	89031	1	81
15.3656665674553	1.81484250796716	83.1	826518	524569	229375	72574	66940	1	121
24.448419797257	2.38521168753727	81.4	167700	155958	5785	5957	85532	1	29
4.89332550401253	0.978665100802505	83.8	102180	91439	6707	4034	65124	1	21
9.05756079887686	0	87.7	154567	74329	67995	12243	91910	1	16
16.0118898546203	2.87392894826517	79.6	243569	201879	22861	18829	84480	1	30
8.80567085202871	2.00128883000652	85.3	249839	202036	33289	14514	81016	1	27
13.629681552226	2.27161359203767	39.6	308151	186452	56773	64926	110133	1	14
47.4809784195061	8.46484656249392	39.7	1027780	637771	194513	195496	98704	1	45
5.99568976524654	1.22134421143911	45.4	900647	237305	588271	75071	73856	1	38
2.05225029244567	0	77.1	48727	43808	3264	1655	86406	1	10
258.933888223526	50.8500659043617	122.8	149459	126274	16123	7062	56477	2	30
35.1325813784485	10.2670557453	66.6	623353	194472	396845	32036	41819	1	201
9.30847350343017	2.79254205102905	77.7	214858	200712	5677	8469	61597	2	37
13.9932987647027	3.10962194771171	82.5	128633	119612	4050	4971	49737	2	20
10.8094279830868	2.34204272966882	88.1	555071	501829	25816	27426	55957	1	119
22.0667167710942	5.58158130092382	59.2	770391	667744	49060	53587	68776	1	123
24.0921214498767	4.69050152121493	83.9	469033	392069	49679	27285	50036	2	42
9.93523468887192	3.10476084027247	70.3	161043	143152	4978	12913	61460	2	15
20.127991092727	4.2039475067088	43.2	1569953	1269299	87001	213653	83488	1	165
9.10216530399065	1.7337457721887	52.3	692143	560240	47114	84789	86469	1	81
6.70694780613765	1.18357902461253	67.6	506937	437573	50950	18414	75816	1	65
56.0805790742671	12.4912658726906	40.8	768537	478025	192943	97569	54169	1	78
17.0698969297518	3.80695543037631	66.6	814299	712956	43112	58231	65453	2	95
23.0128411653703	5.5715299663528	138.8	412813	310697	85341	16775	41879	2	21
32.7397925775722	8.80101951010005	86	284058	218967	34624	30467	45278	2	10
41.8896683258572	6.66426541547728	87.4	630227	524331	65793	40103	52716	2	41
6.9995208020374	2.692123385399	67.2	185727	179830	1041	4856	73694	1	14
12.5318517899662	2.552784623882	107.8	861804	715665	93597	52542	54059	1	104
122.719026784761	25.3441468359834	107.6	149936	142335	3444	4157	54911	2	22
23.4113010386545	5.48954645044312	81.6	1238718	948084	178229	112405	66436	1	30
5.776944934883	1.44423623372075	67.5	276963	257539	4919	14505	58160	2	16
34.352027081889	3.7474938634788	117.5	160107	151071	3998	5038	48703	1	19
47.3563986851635	10.8641149924787	55.5	358980	268443	45729	44808	60805	2	51
16.0913900297974	4.41946627578943	101.7	1764919	965220	697248	102451	41421	1	217
13.7595475158162	1.46378165061874	61.6	341581	296961	18314	26306	70464	1	10
7.52465538292	1.94184655043097	59.3	411979	355513	23353	33113	74995	1	11
22.0587506320204	6.19627826742146	47.8	1210404	917840	154405	138159	65033	1	68
15.2140675654862	3.75655989271265	48.9	532402	371940	62778	97684	55460	1	21
116.600642798415	23.9180805740339	80.6	200685	186080	3029	11576	47138	2	19
155.405459670878	30.5189016407925	60.7	249026	218362	10496	20168	83182	1	13
8.78091614225084	0.585394409483389	109.4	170825	122968	42369	5488	58995	1	12
337.159043017181	73.5085122857227	115.2	102029	98933	916	2180	48661	1	14
32.8798939448527	8.74465264490764	127	285889	261489	9008	15392	40512	2	22
35.5782788019344	8.19910951814126	88.3	683001	480588	164448	37965	46917	1	42
206.143896523848	39.5221413814785	90.7	222660	214925	2222	5513	55563	1	51
8.68663363991008	1.57938793452911	81.2	379894	344831	17424	17639	72100	1	46
13.6378100707651	1.51531223008501	197.9	65993	61689	2958	1346	37476	3	11
23.3717902491693	4.79421338444497	75.3	1001207	699489	239757	61961	59520	1	134
47.6581239742457	13.5715187476329	60.8	316840	145291	153161	18388	34800	1	99
41.2286126571841	8.09847748623259	72.3	543312	441529	62690	39093	53444	2	10
12.1555582137431	2.3729974202128	85.3	2064899	1490440	241154	333305	52070	1	98
17.9977810330726	3.41730019615303	98	438943	374908	11407	52628	52910	2	39
9.17575503355705	2.62164429530201	79.2	76288	73220	544	2524	56139	5	11
62.5943106242665	15.6485776560666	87.1	89465	83487	937	5041	55045	8	13
53.5798500258023	12.8394110660909	70.1	405003	370396	10323	24284	70906	2	73
14.8936458291022	2.70793560529131	90.4	147714	140419	1930	5365	65226	3	32
15.6389336243728	3.66017595464044	76	300532	287494	2665	10373	79368	1	56
37.23716110222	9.50736028141787	95	126218	117818	1502	6898	59580	1	33
14.1965309502575	3.27612252698251	84.7	274715	195713	47369	31633	54392	2	28
11.4905991864226	2.04038677142084	44.4	931196	694440	63900	172856	83686	1	46
14.8540972921202	1.10851472329255	73.9	451054	335807	79273	35974	79612	1	15
5.24015636626597	0	96.8	95417	87620	4716	3081	57394	2	11
118.966906732504	24.3050669668556	98	156346	112882	34148	9316	50603	2	17
21.4256096531194	5.41941891225961	43	793443	392740	335276	65427	54499	1	42
5.37631196946255	1.04539399406216	38.6	669604	439605	101173	128826	58973	1	29
22.5995996642345	4.03564279718474	59.6	371688	242469	79306	49913	74118	2	14
37.9022314339038	7.91628884379003	45.8	833724	517923	92958	222843	80118	1	49
13.6992629477947	1.91152506248298	61.8	627771	532827	48089	46855	85605	1	47
12.0391030065653	3.21042746841742	45.9	498376	420319	17621	60436	99142	1	19
8.36347312850221	1.53614812564326	72.6	585881	545585	19978	20318	61839	1	35
8.46148548264904	0.590336196463886	50.8	508185	382282	76256	49647	59513	1	30
14.1515115018668	3.31205588341563	38.7	332120	236665	32488	62967	100903	1	12
19.9628328348674	5.26292865646505	45.2	551024	376958	130147	43919	69396	1	20
17.7822826227089	4.00101359010949	74.7	674829	573065	22708	79056	48390	2	66
6.55627154203507	0.936610220290724	51.3	213536	196909	4700	11927	38426	2	11
7.54868904433597	2.51622968144532	93.7	39742	31066	338	8338	38635	5	14
4.36236731132761	0.727061218554602	57.4	137540	108786	3413	25341	57092	2	12
14.932565889947	4.07251796998554	90.4	147329	134265	1657	11407	52958	2	23
29.1928185666326	7.13602231628797	51.5	308295	238777	41976	27542	59940	2	20
2.92135909972059	0.486893183286766	32.5	1437687	648983	630109	158595	34284	1	69
13.1533017316828	2.02358488179735	71.6	197669	172624	11055	13990	46368	2	16
5.30383391422943	1.51538111835127	81.7	131980	124016	3493	4471	42720	3	11
10.8143547040753	1.68974292251177	57.7	295903	243251	32762	19890	72471	1	18
21.7602646741049	4.87170104644138	73.7	923702	741228	128141	54333	51050	1	53
386.610963242478	74.1214918634817	27.3	118724	104735	7690	6299	48613	2	11
3.10042625119424	0.727260478675192	24.4	2612544	1290365	916880	405299	46958	1	84
24.5304223898764	5.06606549356143	51.9	750089	580253	120887	48949	52501	1	72
11.8574251417183	2.43040391103543	44.6	1357799	1035182	169294	153323	98401	1	69
19.9453277763774	3.79328319673435	42.7	1634468	1061942	297103	275423	71656	1	52
3.27893425268404	0.468419178954863	80.8	213484	188728	15055	9701	49091	1	13
15.8653248318061	3.85913306719608	58.7	233213	202972	15745	14496	48931	2	15
18.5603167627394	3.8400655371185	46.2	468742	378716	54796	35230	54498	2	20
135.705428749328	26.6089075979075	61.4	375814	308016	43900	23898	70794	1	26
2.72238304447985	0.734611297716785	25.6	2314149	1135491	480238	698420	57210	1	43
16.4855371114803	2.95894255847082	49.1	473142	366074	55525	51543	74043	1	28
8.4560197959874	3.11537571431115	52.9	224692	210993	3701	9998	70581	2	17
28.7331800897062	6.39996586684871	54.7	1500008	1279471	124551	95986	88323	1	120
2.76732344476422	1.66039406685853	66.4	180680	159301	12358	9021	58592	2	16
7.21459822417818	0.824525511334649	36.9	970255	722907	155997	91351	83422	1	33
7.69053295393371	2.56351098464457	96	156036	117800	30519	7717	42592	2	10
5.05012246546979	1.6833741551566	123.7	118809	101673	13211	3925	46955	2	12
35.6004272051265	4.40005280063361	95.6	249997	223915	16286	9796	45642	2	18
4.5101421822323	0	159.3	88689	77053	5534	6102	37735	2	11
16.1630065277691	2.60693653673695	110.3	191796	148485	32766	10545	53935	1	13
22.5647770277676	2.57883166031629	142.6	155109	131363	13740	10006	45397	2	15
56.9907068379656	11.6432626873263	96.5	326369	172226	124169	29974	44778	2	20
132.350967930812	14.0279827760768	84.5	163958	142540	15393	6025	42866	2	13
31.1741823554128	6.43814635600916	57.8	295116	155631	114974	24511	52038	2	11
26.0231907719026	4.656781506551	92.6	365059	246079	99559	19421	46003	2	24
9.95633436215455	1.42233348030779	138.1	210921	169096	33774	8051	42158	1	24
15.4127695771438	1.36568844354439	88.9	512562	298633	174678	39251	45050	2	31
16.774402262148	1.19817159015343	116.4	166921	138744	20129	8048	51889	1	19
19.5869333391369	3.06664107834971	63.7	1010878	595331	327502	88045	56472	1	63
21.7167306617134	0.924116198370783	119.1	216423	175888	31595	8940	49582	2	17
6.47766285924039	0.539805238270032	86.1	185252	142080	29396	13776	46141	2	10
23.9856086348191	2.85542959938323	94	175105	105975	61040	8090	42011	2	12
7.41460231780469	0	141.1	134869	42612	33123	59134	30581	5	12
11.5475107897054	1.44343884871317	96.4	138558	110976	23016	4566	41925	1	14
12.3629770048628	1.37366411165142	191.5	72798	68099	2913	1786	35894	5	10
50.4198599244619	13.29250852554	76.6	218168	181571	26383	10214	65893	1	12
11.6244462103804	1.20252891831522	61.3	997897	688530	213247	96120	66579	1	38
8.71750911706162	1.45291818617694	100.2	68827	64299	3013	1515	32157	3	18
6.05375736540479	2.0179191218016	86.9	99112	92608	3696	2808	40304	3	16
149.724371044214	34.0282661464123	102.4	44081	42968	411	702	44899	1	10
19.2796377570284	3.21327295950473	93.4	373451	322917	30405	20129	56998	1	75
184.001407500806	35.9205934961734	115.7	136412	118928	12325	5159	43011	2	24
3.97426662361211	0.993566655903028	100.2	201295	192714	2769	5812	60552	1	57
24.360709904414	5.07845418202767	70.1	1260226	810150	382829	67247	44203	1	133
84.3898678999548	19.2701273157377	86.2	150492	134376	10845	5271	60704	1	12
27.8906556574249	6.08081155321764	88.5	1233388	856834	277278	99276	51890	1	129
57.1084879008986	15.1884276332177	91.1	164599	142763	11798	10038	58775	2	20
38.438646959627	7.43973812121813	86.4	806480	554837	211705	39938	48927	1	162
81.9672131147541	15.2598535054063	85	229360	213411	8806	7143	56809	1	28
3.5394680179569	0	76.6	169517	157677	6305	5535	55777	1	11
7.23018272643618	2.30051268568424	86.1	304280	264318	26791	13171	52610	1	30
26.6894293753983	3.91138189122217	112.1	434629	327044	85771	21814	41751	2	72
21.4379735112399	5.14511364269758	112.3	233231	188450	37363	7418	41350	2	13
549.835506275131	120.324113561594	115.9	65656	59724	4198	1734	42904	3	19
6.82310530894452	1.70577632723613	73.1	175873	168885	2364	4624	66296	1	13
91.6977806506409	16.3477600750118	111.8	532183	393434	112828	25921	43281	2	111
14.1898228122995	1.85084645377819	67.9	162088	148495	7209	6384	53027	2	27
57.4184657785944	8.20263796837063	87.9	121912	106778	11504	3630	42042	2	24
6.46512710439887	2.58605084175955	124.5	77338	73282	1979	2077	36945	5	12
13.8458793864145	3.46146984660363	111.5	375563	332908	29333	13322	46290	2	18
32.8251580863302	9.40496102473505	91.4	542267	432598	80295	29374	50082	2	93
8.77022022997466	2.92340674332489	105.6	205240	182441	17416	5383	43226	2	40
31.5519976921967	6.31039953843935	76.4	221856	199715	7537	14604	73177	1	24
11.8515006962757	2.96287517406892	93.8	270008	216041	13155	40812	55626	1	12
23.4867671639337	3.52301507459006	126.5	766389	546911	121386	98092	46584	1	44
23.334148176603	5.87322096962116	144.1	629978	464497	68080	97401	48926	2	35
14.2027441730706	4.05792690659159	86.9	394290	356556	3995	33739	64700	1	25
115.543171778937	26.6272330025534	124.5	210311	195141	1723	13447	44086	2	13
19.5289614498301	4.74274778067302	123.4	358442	323419	3840	31183	43685	2	20
28.5263617142665	9.22911702520388	127	119188	111319	795	7074	44965	2	16
25.2202266217506	6.43373128105884	65.3	777154	625533	45210	106411	52845	1	69
68.8396516393443	13.518897996357	60.1	562176	462877	11957	87342	65272	1	26
29.6106163388947	7.78799772201067	84.2	1232666	997452	164944	70270	52390	1	148
4.72277321243034	1.77103995466138	85.8	169392	154355	10699	4338	50242	1	15
7.97061018643982	0.966134568053311	65.8	414021	366964	27851	19206	55798	2	33
11.6581945129829	2.39551942047594	75.3	626169	560606	25464	40099	76824	1	21
38.6803552145954	6.44672586909923	78	186141	179490	2259	4392	59365	1	13
19.633936167892	6.54464538929732	109.2	137517	129860	4751	2906	42304	2	10
9.748507990852	1.16982095890224	57.3	512899	445096	32596	35207	86093	1	11
76.3267935770593	15.5936459996143	79.6	243689	219789	9203	14697	61417	2	13
31.620320835953	6.98588483585009	76.8	271977	200480	51171	20326	54337	2	16
19.730457071147	4.26604477213988	82.2	562582	399846	119757	42979	64174	1	36
71.9782561208375	16.1145349524263	93.2	279251	246615	21318	11318	45703	2	19
95.2551050782878	23.0695957611478	134.9	134376	125023	6354	2999	38879	1	14
7.51304217164484	0.469565135727802	123.4	212963	196902	6822	9239	46056	2	14
21.9244823386115	4.4973297104844	65.1	533650	484030	25407	24213	57120	2	26
16.9537501695375	3.3907500339075	114.2	88476	82834	3528	2114	43991	3	14
17.8495727258529	3.06789531225596	53.7	358552	303548	30551	24453	55681	2	17
73.084151179787	13.0507412821048	124.2	114936	105310	6693	2933	43715	2	10
59.7782813744105	10.6571936056838	65.9	816350	661667	76634	78049	79926	1	46
23.1960728151638	5.95921207682385	80	1560609	700114	695324	165171	37460	1	34
185.741574435816	36.4763815429509	83.6	208354	196051	6672	5631	55323	1	22
9.73850717032371	3.06067368210174	83.6	359398	342004	8787	8607	51593	1	13
20.4271544973785	5.22027281599673	72.3	440590	395669	28271	16650	58906	2	35
159.981577878911	25.451614662554	87.8	165019	154468	2929	7622	62976	1	17
20.1119937161897	4.59250250212205	70.6	631464	502349	73382	55733	49139	1	82
306.16846385709	60.1261065972579	73.5	126401	118714	1705	5982	72784	1	19
3.64170480340864	0	97.9	164758	117910	41309	5539	45597	2	13
38.9186914904807	8.41485221415799	91	380280	257565	109228	13487	52083	2	16
22.6302119558109	4.98279896274735	104	481657	371033	88985	21639	49968	2	20
8.03226292273967	1.6733881089041	129.8	298795	246389	40773	11633	42322	2	10
6.64170492565442	1.6604262314136	114.8	120451	107854	8073	4524	41501	2	12
17.4417011140264	2.49167158771805	74.7	401337	190676	189294	21367	48674	2	12
19.7649336000463	4.43007132414832	125.4	293449	219153	61330	12966	43555	2	14
36.7270486551779	9.38580132298991	85.7	245051	186129	47596	11326	53568	1	16
15.0683627827301	1.58614345081369	110.1	126092	118793	3674	3625	46518	2	14
32.4510729042514	3.43951463962112	95.8	668699	437254	188366	43079	47434	1	32
17.4542223350576	1.58674748500524	199.9	63022	57770	2831	2421	38600	2	13
88.4337246287923	17.116204766863	136.1	350545	265389	69681	15475	47880	2	23
35.0348675034868	7.58716875871688	117.9	448125	387022	40298	20805	47543	2	68
0	0	167.3	52773	49975	1390	1408	41726	2	10
16.7527065758108	3.09444898534085	79.2	937162	392675	503226	41261	46213	1	51
10.2757284603785	2.42098314511534	64.5	1858749	1583640	153604	121505	50867	1	77
8.9247888835541	2.25944022368458	61.9	885175	657201	84159	143815	84233	1	28
11.6627081126673	2.14944108561104	59.8	2512281	1704596	582423	225262	49925	1	101
4.51635185037592	0.265667755904466	66.9	752820	597746	71398	83676	74662	1	11
9.70434107524099	3.8817364300964	92.4	154570	140712	7570	6288	54903	2	13
14.6249655354296	2.75716563372853	39.6	834190	769770	32606	31814	40783	2	28
3.35940033243457	0.438182652056683	44.2	684646	392207	144723	147716	86407	1	12
7.65067038999292	1.91266759749823	92.4	313698	252081	42551	19066	61744	1	14
7.72187212399661	1.23820106944552	55.1	4441928	3129390	869106	443432	53822	1	65
181.984703769343	34.8903135766933	102	252219	149269	86999	15951	42368	2	12
23.3857875418148	3.72816902840526	94.2	295051	256651	23148	15252	45529	2	10
8.98056549498351	1.40321335859117	92.1	356325	325180	15462	15683	49368	2	24
11.3138926373301	2.00564460389033	76	1944512	1461680	314789	168043	57727	1	59
14.8738592358838	2.60944898875154	61.1	1149668	928380	102708	118580	59620	1	17
7.8919890240645	1.21415215754838	72.9	329448	306098	4565	18785	70388	2	13
17.2257554364209	2.1990326089048	80.2	1091389	966822	21186	103381	61446	1	74
8.19625395558343	1.24725603671922	64.5	561232	525521	3936	31775	60830	2	22
18.2924801277148	3.32590547776632	90.7	240536	223374	3875	13287	56216	2	17
23.0027976375505	4.97357786757849	43.6	160850	147227	3860	9763	64243	2	10
10.5251445703786	2.40574733037226	77.9	332537	232821	77031	22685	72514	1	15
8.80756182027642	1.14498303663593	33.7	1135388	759877	112740	262771	112102	1	35
47.2991001043006	8.48958207000267	62.9	82454	75545	3575	3334	68719	2	10
11.7824951397208	1.96374918995346	102	101846	88636	9530	3680	77550	1	10
8.36729318065606	0.929699242295117	81	322685	191236	96619	34830	61438	1	22
3.85889668631029	0.551270955187184	40.9	362798	257610	27493	77695	123966	1	12
6.53354751353458	1.1264737092301	44	443863	285843	96047	61973	98514	1	12
11.7370892018779	3.20102432778489	98.6	93720	83630	5357	4733	60950	2	12
9.84369917655316	2.56792152431822	74.8	233652	146747	70554	16351	70176	1	10
18.2744827306138	3.65489654612276	74.1	246245	120960	105796	19489	44150	1	21
22.9180990478572	6.25039064941559	120.6	95994	39687	51719	4588	46239	1	12
34.6354731898347	4.15625678278017	67.8	216541	95577	109686	11278	41331	1	33
13.5520621350941	1.5551546712403	68.4	450116	309575	90064	50477	67001	1	20
55.8215666956524	10.8974373230556	67.5	449647	393717	9503	46427	59551	1	28
21.020873679461	5.96473303490427	55.5	2078886	1456684	138801	483401	73035	1	80
11.0118298514976	3.53951673798137	71.2	254272	212474	7144	34654	62473	2	11
16.2611810676489	4.57722133756044	72.9	830198	634251	60607	135340	59711	1	53
11.8740088500946	2.77060206502207	83.5	757958	608518	23727	125713	69443	1	30
23.537330412502	4.95522745526359	92.5	484337	435379	9102	39856	50432	2	15
5.44276928101018	0.907128213501696	115.3	110238	97611	8166	4461	55100	2	26
39.3244473880288	9.31368490769103	148.8	96632	88322	4791	3519	37716	2	13
65.4136322009507	4.36090881339671	130.3	68793	65980	1172	1641	43130	8	11
25.240972408462	5.25853591842959	155.2	190167	168962	14267	6938	46583	2	20
26.3313804226187	6.00200583162631	62.4	516494	444304	27608	44582	62303	2	16
29.8792814346234	8.46231397274299	89.7	957185	623120	261324	72741	43385	1	74
8.20828523791202	2.052071309478	89.1	194925	164042	22784	8099	55055	2	16
5.80119311205005	0	72.4	103427	99351	1258	2818	53998	3	12
290.033200182863	56.9574243253168	76.1	133433	128369	1456	3608	67650	1	10
13.4047240270826	1.77043524885997	76.9	395383	370343	5440	19600	76319	1	26
55.9808133128267	15.321064696142	64.2	169701	157784	3416	8501	51949	2	12
66.6587708669284	12.1473842126521	136.7	658578	355937	282817	19824	45429	1	38
15.4632699017116	2.89936310657092	164.2	413884	249299	146421	18164	43028	2	16
25.5692478324251	6.97343122702503	68.6	301143	200736	18269	82138	77454	2	17
14.5342351040918	3.09132959332313	78.5	4011219	3397656	226802	386761	53596	1	158
9.37706665613803	1.48058947202179	140.5	202622	187317	2436	12869	39200	2	29
15.2513359969658	3.41148305195287	86.4	996634	854825	40026	101783	45841	2	78
2.59755102888996	0.519510205777992	64.1	384978	320805	18401	45772	50027	1	14
10.0554885892339	1.58105166497389	39.4	1581226	821194	196586	563446	72112	1	28
11.7912671498953	2.19372412091076	55.5	1094030	743000	105090	245940	78756	1	32
9.5411643575651	2.9357428792508	68.1	953762	739461	55931	158370	45563	2	28
8.91828620266805	1.48638103377801	128.1	134555	113407	1710	19438	41426	8	11
4.97423807397502	1.27247950729593	65.8	864454	717554	54009	92891	48552	2	29
301.053687907677	48.607626693427	171.2	63776	56098	1248	6430	36548	5	16
7.04911897994256	1.58754945865562	40.3	10015436	7160646	924327	1930463	55909	1	223
7.94273753457427	0.700829782462436	62.9	428064	354032	15290	58742	59168	2	21
15.9996093268084	2.85936793189949	48.7	3112576	2306305	63321	742950	75422	1	55
6.24058457257669	0.829168579573127	56.6	2291452	1851011	160452	279989	56529	1	97
13.4929381249473	2.80817493970985	63.6	1460023	949433	158602	351988	55064	1	62
6.4656875540304	0.86209167387072	57.6	2087945	1620360	199375	268210	54090	1	34
10.8749047280668	2.95175985476099	47.8	3218419	2465740	178356	574323	62962	1	105
15.3703174149271	3.33619292727099	42.4	839280	455876	49523	333881	75604	1	24
7.39408331141177	2.55949037702715	70.2	703265	481812	56470	164983	53380	2	18
13.0344580380968	3.62068278836023	87.2	276191	246641	5995	23555	58697	2	19
11.7497516529764	3.33799762868648	38.6	748952	473389	22181	253382	88202	1	16
13.079394217531	2.29463056447912	64.8	435800	375572	10414	49814	62779	2	14
10.8732855158731	3.2137789702088	30.2	1866961	1063240	53551	750170	91702	1	25
11.1545726311406	4.46182905245624	74.5	268948	236575	3725	28648	66519	2	14
18.4293708324491	5.02619204521339	160.2	179062	159045	1741	18276	44651	2	11
9.19872067023294	2.35864632570075	56.5	423972	257432	63348	103192	67177	2	12
9.14731754912872	1.52455292485479	106.2	524744	443421	16899	64424	49297	2	16
4.85271994953171	1.10289089762084	84.3	453354	401346	9747	42261	42708	2	12
8.45743527679637	1.07206926043898	62.3	839498	714483	18555	106460	76544	2	25
27.0151263435771	7.8705486197823	60.3	470107	410032	16899	43176	56270	1	39
21.06441101932	5.75979988809532	66.1	607660	477792	65825	64043	60651	1	13
24.171170561448	5.80108093474751	57.1	310287	282700	3258	24329	67956	2	28
21.6238591483598	6.48715774450793	49	647433	522675	66882	57876	50313	1	33
72.1180517030955	12.7267150064286	57.5	306442	280998	3935	21509	101591	1	15
21.0689274541865	2.29010081023767	75.7	654993	550849	44055	60089	57125	2	45
79.5416660627056	14.4950644305614	85.2	551912	510177	6744	34991	68984	1	26
20.2144628164432	4.10606275959003	80.6	316605	295673	3137	17795	58626	2	20
19.2782472963813	3.73127367026735	130	160803	146120	3849	10834	41777	2	26
10.363384681437	1.48048352591957	72.9	270182	252514	3554	14114	57180	2	10
14.7774714789485	2.97675684468027	52.4	940621	754259	113491	72871	82283	2	63
17.5998092982689	4.12147432934144	67.7	897737	693338	134645	69754	64967	1	92
5.88991218676376	0	70.3	186760	176810	3233	6717	71338	3	20
187.024494761498	49.6310956972261	74	165219	148375	8616	8228	76994	1	13
16.5756359016682	3.94106028431273	77.5	862712	683177	121244	58291	61996	2	98
10.9727327590937	2.92606206909164	80.6	273405	230323	18255	24827	66583	2	36
7.64863854233946	0	82.6	117668	109470	3318	4880	59333	2	10
146.93993166408	34.2269720342034	91.7	169457	116116	42551	10790	55149	2	18
22.9290600359222	5.4593000085529	83.3	549521	370591	136133	42797	64537	1	33
16.9559677739721	3.39119355479442	118.5	206417	170331	26692	9394	52710	2	22
13.7099196660325	3.08088082382753	41.1	649165	281240	321238	46687	65830	1	51
13.0600635952541	2.72084658234461	98.6	551299	463445	58142	29712	48039	2	16
8.47802588080439	1.57604327271364	55.8	1840051	1197224	530411	112416	51251	1	50
7.91008391879939	0	109.4	139063	130164	4091	4808	39100	2	10
35.6640648882186	7.64229961890399	100	196276	162801	20557	12918	59482	1	16
15.3347773582012	1.35306859042952	98.2	886873	550465	267121	69287	48323	1	57
7.47044862917268	2.29859957820698	107.2	174019	158387	9522	6110	41024	1	15
16.1615974153817	3.86641086492384	77	1293189	977107	225205	90877	49596	1	46
14.0890945863033	1.51495640712938	70.1	660085	576231	59247	24607	47439	2	17
8.47343723520509	1.4609374543457	84.9	342246	296345	31861	14040	47876	2	21
103.037522334723	22.0369267421084	90.9	335800	278815	44111	12874	39453	2	12
13.8854909843491	1.98364156919272	79.8	151237	136823	8800	5614	49846	2	10
3.18028465819323	0.530047443032205	34.1	2641273	2055662	503273	82338	43100	1	32
40.6409187132661	7.26313607526241	54.2	1225366	846181	273635	105550	47581	1	64
6.33709334204962	0.333531228528927	68.5	299822	240645	39606	19571	43891	1	17
8.21448380692619	1.59928003320687	63.9	1375619	1049296	258536	67787	52432	1	62
9.03970955202984	1.47158062474904	95.5	475679	428023	25044	22612	43888	1	38
11.947238411986	1.93739001275448	90.9	929085	774992	100687	53406	45535	1	57
26.8205879329839	6.10288827217597	76.7	622656	497448	97440	27768	43113	2	17
14.8751894663141	1.5388127034118	88.5	389911	358010	19166	12735	49052	2	16
7.3308408474452	1.8327102118613	64.5	436512	353683	52263	30566	58175	1	17
9.77493706137464	1.79539660310963	89.7	501282	425183	55277	20822	42457	2	22
9.2066516663342	0.976463055520294	68.7	716873	468618	192319	55936	63920	1	13
11.4683069142702	2.79714802787078	48.9	715014	259274	394297	61443	50856	1	14
14.44582459717	2.13635434183501	53.8	982983	458626	438626	85731	56857	1	30
7.00628463731968	0.817399874353962	52.1	856374	505354	225748	125272	60445	1	22
7.31164887837275	1.52326018299432	39	984730	220121	24986	739623	72764	2	27
27.8727560629252	5.52649473661447	83.1	416177	385484	4985	25708	55210	2	14
18.5036398607358	2.43468945535997	72.2	205365	152196	26355	26814	45808	2	13
9.98037701398951	2.08004033369953	46.2	5240283	3449265	1291605	499413	54548	1	417
16.213964196131	3.00656289729581	52.7	931296	760170	46967	124159	78487	1	51
8.40352183960733	1.90989132718348	46.6	523590	457033	31371	35186	69530	1	21
13.365767596033	1.78210234613774	89.1	112227	91182	17340	3705	50102	2	15
27.2955640443496	4.40709627799395	59.1	703411	581792	52038	69581	77469	1	34
7.09931047946968	1.77482761986742	93.5	112687	107142	2849	2696	52640	3	20
7.16743119266055	1.30316930775646	73.4	306944	288700	4089	14155	76145	1	16
54.2571263929114	8.60630280715146	121.9	267246	237238	21777	8231	53633	1	32
30.2584710447666	7.96275553809648	89.7	188377	141151	34121	13105	50712	2	16
17.6157297222337	2.62361932033267	82.5	266807	175112	81159	10536	50578	1	20
32.667748890553	8.04129203459766	113.5	198973	165792	24528	8653	55449	2	11
7.16925588976318	1.46311344689044	59.8	683474	553879	79407	50188	76147	1	46
31.9732662238541	9.62635972331092	108.9	290868	237343	37100	16425	47072	2	54
11.7199708302948	3.25554745285967	89.8	153584	138035	8830	6719	68297	1	11
39.0756969516886	6.30909690365805	95.6	491354	347470	125618	18266	49035	1	37
37.2635621596065	7.96966358326845	95.7	928521	616734	258039	53748	42334	1	42
6.60454392622124	1.80123925260579	105.7	166552	155257	5847	5448	62794	1	25
16.4811291071723	1.87285558036049	97.3	266972	217370	35006	14596	44582	2	19
36.9910136202241	8.41711687166776	96.9	451461	391704	29404	30353	59018	2	20
28.1440742065423	8.79502318954448	82.7	170551	148183	12686	9682	52735	2	12
26.1302664404398	5.12011977549158	73.8	566393	497684	27292	41417	74717	1	19
24.3015286254226	5.13690848992672	114.9	506141	411532	47692	46917	49865	2	21
72.5818158357393	16.1292924079421	106.3	123998	114739	3617	5642	67225	1	26
11.0043687343876	2.20087374687751	98.2	90873	85732	2593	2548	54306	1	16
25.4295043281016	5.08590086562033	123.2	98311	90459	4769	3083	46555	2	10
41.8150994648316	6.80710921520514	75	308501	242201	46385	19915	48398	2	23
57.9373511148651	10.558059428677	96.8	757715	557283	162637	37795	46959	1	58
15.9589486735658	1.84141715464221	81.3	162918	149345	7893	5680	54270	1	38
14.8472421247753	1.34974928407048	113.9	444527	218096	205264	21167	48506	2	17
14.260413551993	1.61004669135405	123.6	434770	289700	117251	27819	48261	1	51
12.6687182952128	0.791794893450801	73.1	378886	131008	229897	17981	37146	1	44
14.0248404674397	1.23748592359762	127.3	242427	204732	28721	8974	60799	1	11
67.1037731892466	11.5334610169018	74.4	286124	265536	8135	12453	57461	2	12
41.6161089439536	11.5321747676016	82.3	199442	191975	1436	6031	57348	2	12
11.8727030367136	2.33856271935269	78.6	555897	426308	90421	39168	87430	1	60
14.697040550471	2.91511548108515	84.5	823295	527562	225624	70109	66486	1	107
13.2630392254385	2.21050653757308	104.5	90477	74271	11878	4328	95477	1	10
22.0927177625451	5.37390432061907	82.3	167476	156017	5696	5763	84790	1	23
6.86833403651991	2.94357172993711	87.1	101917	91519	6491	3907	66689	1	20
9.16104462083091	0	88.6	152821	75014	66000	11807	93160	1	10
18.2436354589933	1.24388423584045	84.2	241180	200799	22190	18191	84570	1	29
8.426628144938	1.60507202760724	88.4	249210	202274	32771	14165	80622	1	38
12.149710705537	1.97022335765465	39.2	304534	186985	55663	61886	109865	1	17
46.474656573904	9.92376387730298	40.3	1017759	636785	190172	190802	98221	1	31
4.93659836957619	0.336586252471104	46.5	891302	233699	583986	73617	73623	1	28
239.082245631894	47.5485698595643	124.8	149321	126701	15829	6791	55609	2	25
19.8129656046917	0	96.1	100944	69408	25648	5888	51092	2	11
33.5549996949545	8.66971283984472	68.5	622858	194369	397157	31332	41385	1	148
13.0327121073895	1.39636201150602	82.4	214844	201320	5385	8139	60526	2	28
17.0003631895772	5.40920646941094	85.1	129409	120459	4005	4945	48450	2	16
12.123690596178	2.35235787687035	91.2	552637	501457	24703	26477	55298	1	92
22.6401563086861	6.67426573261845	62.3	764129	665142	47101	51886	67311	1	64
22.0459497523576	6.20711206619778	89	467206	391526	49269	26411	49094	2	55
8.08201378915891	1.86508010519052	72.7	160851	143303	4824	12724	61227	2	23
19.8464182674398	5.26668704831736	45.9	1556956	1267302	84932	204722	82090	1	99
11.7604526467552	2.75862469491789	54.6	688749	561745	45784	81220	84916	1	51
8.1465423888444	1.78826540242926	70.3	503281	436159	49174	17948	75092	1	54
56.2086168994432	13.5585188305448	45.1	759670	474995	189617	95058	53540	1	72
17.0322007331252	4.56660454438863	70.6	810230	712217	41800	56213	65223	2	86
22.3798167742743	6.73800935139441	134.2	415553	312491	86304	16758	42089	2	18
39.953403741179	9.3064153292706	88.2	623226	520027	64757	38442	51667	2	43
12.5016795480701	2.45360065896703	110.8	855885	716127	89268	50490	53451	1	94
115.827031632762	21.9671956544893	111.7	150224	142891	3392	3941	53972	2	22
20.8612870521216	5.11385635908038	82.7	1231947	946802	177067	108078	65594	1	21
5.84942840116842	0.731178550146053	67.3	273531	254747	4768	14016	56453	2	11
29.3372283185399	4.36937443042083	112.9	160206	151372	3997	4837	48066	1	13
41.1762880986426	9.58899859831403	57.4	354573	265645	45535	43393	59055	2	31
12.904149219299	2.59209984317796	104.6	1774623	969460	705353	99810	41184	1	203
14.1631775088741	1.77039718860926	62.4	338907	296143	17088	25676	70380	1	21
8.08128301387777	1.71421154839831	61.3	408351	353909	22238	32204	73732	1	15
22.1922061972987	5.4229075294151	49.8	1198619	913368	150606	134645	64403	1	66
19.3409660622931	3.03387702937931	50.8	527378	371824	61374	94180	54247	1	24
335.191137585641	61.9268084102504	106.3	101733	98679	905	2149	48857	1	13
30.9846062842415	8.80244496711406	139.2	284012	260160	8830	15022	40337	2	16
36.1915326525598	6.91464241735899	92.3	679717	478999	163751	36967	47015	1	36
198.384006362749	36.1519829362641	94.8	221288	213867	2162	5259	54845	1	46
8.55166810976066	2.67239628430021	85.5	374196	340298	16897	17001	71077	1	33
10.5693880324329	4.52973772818554	215.1	66229	61888	3046	1295	37238	3	15
23.9813425155229	5.59564658695535	78.1	1000778	702398	238519	59861	58910	1	133
36.1695502709571	7.86294571107763	64.7	317947	145264	154562	18121	34582	1	81
26.8559714252464	3.58079619003285	98.7	111707	103403	610	7694	46117	2	10
12.3450937634562	2.22211687742211	86.6	2025096	1471628	233124	320344	52873	1	138
18.7111483794067	3.92703114135695	100.3	432897	370800	11261	50836	53040	2	38
13.0551711532938	5.22206846131753	84.4	76598	73640	541	2417	55155	5	11
51.8214367183393	12.3974728991242	72	403308	369749	10128	23431	69829	2	27
16.2995863979951	4.75404603274859	90.4	147243	140222	1896	5125	65353	3	14
14.7302029420233	3.34777339591438	76.3	298706	286004	2523	10179	77348	1	24
15.9545151277812	2.17561569924289	86.7	275784	196759	47652	31373	54235	2	26
11.1291554699799	1.94490095591882	45.5	925497	695113	62332	168052	83794	1	48
6.25860558267618	1.04310093044603	98.6	95868	88116	4745	3007	56494	2	18
122.868990938412	21.1181078175395	105.4	156264	113402	33799	9063	50750	2	10
21.9000370908143	6.45608029844813	42	789953	392573	334185	63195	55095	1	51
5.57092159605398	1.053958139794	37	664163	437783	100175	126205	58442	1	28
22.3414965034212	5.11431847668678	59.8	371506	244335	78806	48365	73480	2	17
37.2866875665187	9.89484912768458	47.7	828714	519901	91410	217403	79596	1	35
13.6836779180443	2.38668800896122	63.5	628486	534329	47934	46223	84526	1	40
12.8373309584271	3.00874944338135	47.2	498546	422223	17323	59000	98633	1	19
7.54745462092909	0.686132238266281	77.8	582978	543207	19899	19872	61136	1	37
7.89903454050329	1.18485518107549	49.3	506391	382758	75133	48500	57654	1	31
14.5031755911555	3.62579389778887	40	330962	238329	32075	60558	99020	1	16
18.7917797822343	4.01377820591412	46	548112	376440	128705	42967	68507	1	15
16.3093437713133	3.26186875426267	74	674460	574184	22592	77684	48801	2	50
7.020795596557	1.4041591193114	52.7	213651	197347	4601	11703	37933	2	13
4.99276049727895	0	93.4	40058	31306	348	8404	40250	5	13
14.3096610654565	2.72564972675361	94.8	146754	134010	1592	11152	52917	2	20
0	0	84.9	76288	68621	1229	6438	42506	2	10
27.6426360017691	6.50414964747509	54.6	307496	239813	41634	26049	59394	2	21
3.29466194665452	0.49069433248046	34.9	1426550	646167	624576	155807	34388	1	76
13.1068205877905	1.51232545243736	77.2	198370	174202	10654	13514	45958	2	17
6.7666629074095	0	88.5	133005	125143	3559	4303	42429	3	10
12.4701726950402	1.68515847230274	62.4	296708	244536	32435	19737	72525	1	34
22.9897522095104	4.77145800574744	76.8	922150	742769	127832	51549	50653	1	84
2.77419871893668	0.385305377630095	26.2	2595344	1282302	919763	393279	46085	1	82
23.1886530191226	4.39784798638533	56.1	750367	582303	120234	47830	52394	1	55
10.9284936843644	2.06755285920408	46.6	1354258	1039522	166976	147760	97690	1	70
18.2157964688341	3.98662212280881	45	1630453	1061644	298308	270501	69659	1	62
2.80024455469111	0.466707425781852	84.7	214267	189840	14958	9469	47955	1	19
17.6848600552279	2.76991783997545	49.5	469328	380810	54336	34182	54242	2	16
132.815583695154	23.7361183712222	67.1	374956	308603	43046	23307	70458	1	25
2.74199403028728	0.913998010095761	26.9	2297598	1136562	479615	681421	57001	1	55
16.9306794493297	2.75123541051607	51.7	472515	367056	55108	50351	72569	1	20
8.42904461462096	2.18530786304988	37.9	320321	250081	41604	28636	84951	1	13
28.4519475258133	6.86311614791281	59.1	1500776	1283906	123317	93553	87763	1	138
3.8676811041677	1.65757761607187	71.4	180987	159949	12220	8818	58590	2	18
8.37315751769992	1.03372315033332	39.7	967377	723881	154206	89290	81946	1	32
5.20440292487444	0	124.8	115287	98568	12940	3779	46438	2	19
34.7502828511395	5.25294973331178	99	247480	222012	16088	9380	44713	2	12
4.48103960118748	0	167	89265	77426	5824	6015	37263	2	19
14.4158382009034	2.13567973346717	113.3	187294	146436	31079	9779	53551	1	16
21.9069341889924	1.93296478138168	149.2	155202	131874	13702	9626	44332	2	18
17.2372516159923	1.9152501795547	161	104425	75507	22797	6121	47141	2	10
58.7738309517687	10.1017521948352	100.7	326676	174296	122822	29558	45231	2	17
121.53636624587	15.2683877193304	91.8	163737	142714	15217	5806	43083	2	24
29.461512866016	5.89230257320319	60.5	288512	152443	112336	23733	51853	2	17
29.3588958839382	6.09335574949661	98	361049	244211	98192	18646	45724	2	21
11.9397852749016	1.43277423298819	144.6	209384	168575	33046	7763	42017	1	32
14.4042747151703	1.57855065371729	90.2	506794	297552	171466	37776	45431	2	15
22.8793161829979	3.66069058927967	97.8	109269	101863	3475	3931	44815	2	13
13.9553791919229	1.82026685112037	119	164811	137112	19952	7747	50329	1	16
3.93858064806531	0.562654378295045	75	177729	143265	28252	6212	49711	1	13
34.1387550733983	6.32199168025895	132.5	79089	72624	4572	1893	48940	1	11
19.065449974882	2.11838333054245	65.7	991322	588130	319485	83707	55444	1	38
21.1083279389829	1.40722186259886	118.9	213186	173135	31304	8747	49835	2	25
4.92001461947201	0	81.9	142276	128033	8838	5405	41208	2	20
10.8596498848877	0.723976658992514	100.3	138126	110973	22706	4447	41495	1	15
48.4594140645216	10.3505544603833	78.1	212549	177432	25798	9319	65892	1	13
11.2945621816987	1.95087892229341	64	973920	673894	209066	90960	66006	1	40
8.68646214874119	1.44774369145686	105.4	69073	64608	3023	1442	33159	3	15
106.535779851421	19.9754587221414	113.8	105129	88209	12931	3989	42823	2	11
15.8990223448633	1.88632468498378	95.4	371092	322224	29408	19460	56610	1	61
182.896941231555	32.9214494216799	114.6	136689	119400	12279	5010	43136	2	16
2.49802655901838	0	104.6	200158	191987	2600	5571	60365	1	43
25.9630469851995	4.51187096998893	73.4	1263334	815051	383088	65195	43804	1	131
93.3512424445937	18.8045668233714	87.9	148900	133533	10254	5113	58786	1	10
28.0710650705399	5.18614985174197	96.7	1214774	850518	269945	94311	50877	1	110
53.7224138457312	15.2620493879918	94.3	163805	142210	11807	9788	58080	2	10
39.04637316395	7.95849644105987	91.5	804172	555136	210433	38603	48593	1	137
83.5931105344735	13.4968043050452	88.1	229684	214200	8612	6872	56018	1	26
5.93214809014492	0.593214809014492	79.8	168573	157044	6190	5339	55114	1	10
7.26295529651015	1.32053732663821	90	302907	263436	26650	12821	51816	1	34
23.610152824164	4.12604612461118	113.5	436253	329192	85549	21512	41556	2	37
17.9264248306593	3.41455711060177	117.8	234291	189525	37486	7280	41058	2	10
6.87222247674898	1.71805561918724	82.9	174616	167898	2289	4429	65951	1	12
88.555883817676	18.9093959103283	113.5	534126	395950	112951	25225	43401	2	62
10.5260550822271	3.0958985535962	70.4	161504	148452	7003	6049	52697	2	12
53.1697341513292	5.72597137014315	92.3	122250	107197	11515	3538	41835	2	21
27.1253245351328	8.48819679330687	94.4	541929	434405	79984	27540	49669	2	46
7.26490759037545	3.39029020884188	107.6	206472	183762	17464	5246	42880	2	26
31.8507564554658	4.55010806506654	79.4	219775	198493	7581	13701	72487	1	16
12.5918930429791	3.33314815843564	99.1	270015	217034	12994	39987	54989	1	14
23.8208986036983	3.70547311613085	143.3	755639	540847	119722	95070	45215	1	54
26.0009148470039	4.33348580783398	159.6	623055	460972	67426	94657	48181	2	36
12.3712934445032	3.3505586412196	87.8	387995	351819	3886	32290	64352	1	24
26.5285573891076	3.61753055306013	105.5	165859	157421	772	7666	50209	2	13
118.347749949486	22.6111554781538	132.4	207862	193169	1652	13041	44005	2	14
19.6733106247119	3.3725675356649	122.6	355812	321711	3720	30381	42931	2	26
22.8504276294314	5.6146765032317	68.5	765850	618512	44171	103167	52511	1	67
64.3140109063592	12.7907416648501	65.3	555089	459603	11445	84041	64180	1	17
28.0472848039649	8.18721319422096	87.6	1233631	1001026	165007	67598	51366	1	120
7.64503513775765	1.76423887794407	89.1	170045	155078	10753	4214	49217	1	22
7.97704544740347	1.69210054944922	65.3	413687	367896	27292	18499	55170	2	25
10.2271873796508	2.23719723929861	80.3	625783	562146	24772	38865	76555	1	27
31.8299525248166	3.77643504531722	79.8	185360	178955	2201	4204	58230	1	17
32.8099712820588	7.00437589167548	78.1	271259	201071	50799	19389	54066	2	20
23.154786183361	6.05586715564825	82.2	561439	401955	117862	41622	64041	1	17
75.5488876139024	15.679957806659	97.1	280613	248259	21366	10988	45202	2	17
95.6497883099646	15.5708957713896	135.2	134867	125737	6292	2838	39115	1	14
7.47712467170749	0.467320291981718	127.1	213986	198740	6592	8654	46044	2	15
21.878990322319	5.46974758057976	66.4	530189	482006	24844	23339	56483	2	17
23.5637342908438	3.36624775583483	120.2	89120	83472	3592	2056	43546	3	12
15.4491778228457	2.52804728010202	54.2	356006	302965	29339	23702	54923	2	11
58.1509712318662	12.4170149987706	67.9	813400	661816	75592	75992	79183	1	44
19.0300039729307	0.66771943764669	80.1	299527	265770	18222	15535	60097	2	13
21.3385711384256	6.3630076587474	80.8	1555868	700308	694503	161057	37192	1	17
171.417047593439	34.0913455998156	86.9	208264	196251	6665	5348	53693	1	31
9.69123718333883	3.59960238238299	84.4	361151	344232	8640	8279	50736	1	10
18.9015683747156	5.23778400745132	74.3	439117	395112	27739	16266	58745	2	17
150.869773331798	35.1423568403386	93.6	165043	154844	2818	7381	62279	1	19
4.84754471860003	0	70.5	82516	75120	3229	4167	71713	1	11
20.1673412933459	4.92273685113167	75.1	629731	503767	71735	54229	49297	1	75
36.2694578925027	6.17924097427824	93.3	372214	250683	108617	12914	50792	2	12
23.4453217078333	5.06925874763963	108.1	473442	365065	87411	20966	49022	2	21
8.39158491864358	1.67831698372872	118.9	119167	107004	7903	4260	41788	2	14
16.3526949241235	1.76105945336715	75.6	397488	189998	187014	20476	48359	2	11
19.2623881233618	2.40779851542023	129.3	290722	217580	60655	12487	42919	2	13
29.1699814372845	1.3259082471493	185.4	75420	69615	3018	2787	43620	2	12
24.8576897263168	4.97153794526337	235.6	40229	39338	170	721	31943	2	10
30.1977268243828	3.79368427441995	103.6	658990	431740	185673	41577	47335	1	28
90.0092589142131	18.3458362118141	145.4	348853	264300	69411	15142	46702	2	26
35.1094356608338	6.52675406515501	125.8	444325	384292	39974	20059	47694	2	58
7.54218912039219	0	178.9	53035	50289	1360	1386	42223	2	14
16.416317819913	2.984785058166	80.8	938091	396415	501300	40376	46250	1	39
11.0314940923879	2.63438664892846	66.3	1822056	1556046	149497	116513	50112	1	77
8.50718682481488	1.16536805819382	64.7	858098	642831	80280	134987	82762	1	23
11.7347700025405	2.01628350559115	63.3	2479810	1690203	572862	216745	49481	1	93
4.25659291318473	0.686547244062053	70.5	728282	582346	67707	78229	74155	1	18
16.6021428794853	1.80458074777014	42.5	831218	768021	32237	30960	40157	2	27
8.80359186548112	1.63029478990391	94.6	306693	246505	41913	18275	61877	1	12
7.5686417140742	1.31128443070586	58.2	4346883	3072640	849174	425069	53137	1	80
21.3813747534245	6.89721766239499	94.9	289972	252348	22927	14697	44397	2	13
94.7988880671649	20.2424686993312	80.7	498951	449787	22833	26331	67766	1	10
9.92265995327845	1.41752285046835	95.9	352728	322349	15246	15133	47057	2	27
10.143785545733	1.67320173950236	80.7	1912501	1446370	304610	161521	56853	1	35
14.8981041047399	3.74682857723998	64.3	1120948	907384	100170	113394	58025	1	25
1.51765795025117	0	31	263564	257631	1705	4228	39449	2	14
8.98400228007782	1.2391727282866	75.9	322796	300054	4516	18226	69707	2	11
17.4876776641644	2.96087664155165	83.8	1080761	960161	20676	99924	60555	1	60
7.24131313972476	0.724131313972476	67.3	552386	517897	3855	30634	60196	2	34
15.0925677488597	2.51542795814328	96.5	238528	221811	3747	12970	54974	2	13
18.7578548517192	4.37683279873447	46.2	159933	146930	3772	9231	63989	2	11
8.53697577633123	1.21956796804732	80.7	327985	230175	75814	21996	72088	1	19
6.19041723412158	2.06347241137386	84	48462	38325	7646	2491	64423	1	10
9.62435863362362	1.23615615477735	35.9	1132543	762942	111584	258017	110292	1	21
8.14021202121464	0.313085077739025	82.8	319402	190841	95422	33139	61048	1	13
7.29708960141928	1.14017025022176	46.2	438531	284584	94073	59874	98071	1	15
5.47820846931029	0	86.7	127779	99573	20095	8111	78345	1	10
0.729548919902824	0	63.5	137071	102476	24287	10308	97110	1	10
9.5394608470174	1.30083557004783	77.9	230621	145484	69368	15769	69743	1	15
19.2783295052079	2.75404707217256	79.1	181551	92192	75225	14134	51027	1	12
16.7232265222215	2.44730144227632	73.2	245168	120223	105992	18953	44747	1	20
39.3072564002976	6.5512094000496	72.6	213701	94011	108602	11088	40496	1	19
25.2311170320132	5.04622340640265	131.3	99084	64831	28758	5495	38145	2	10
16.9414450160944	2.45205125232945	69.6	448604	309489	89586	49529	65219	1	26
56.5144168277328	10.1725950289919	65.9	442365	388346	9213	44806	58225	1	23
20.1380925707057	4.93676541175067	57.7	2045874	1445104	135975	464795	71811	1	99
12.642524712185	3.16063117804626	72	253114	211709	7258	34147	62413	2	12
17.9570716047392	3.78686544045521	72.8	818619	627448	59624	131547	59204	1	61
11.2732914253198	3.08673455693281	86.6	745124	601522	22454	121148	68381	1	41
21.8987692891659	2.91983590522213	93	479479	431886	8850	38743	49233	2	18
13.7124051558643	1.14270042965536	75.2	262536	219083	8502	34951	62229	2	12
5.53092246568524	1.84364082189508	117.3	108481	96211	7916	4354	53515	2	13
30.9476160019806	5.15793600033011	149.7	96938	88627	4868	3443	38374	2	16
15.6736536331529	4.17964096884078	156.1	191404	170372	14264	6768	46085	2	11
24.3133917769756	6.4704994245177	63.8	510007	440029	27475	42503	61721	2	21
7.16110089991168	1.19351681665195	79.7	167572	147458	12020	8094	54930	1	14
30.9391387421777	7.42121233342775	92.3	956717	625045	260663	71009	43193	1	72
9.75484533436016	3.08047747400847	91.7	194775	164289	22617	7869	54090	2	20
5.82722284271354	0	72.9	102965	98982	1198	2785	54020	3	12
10.6583024369447	2.79146016205695	79.9	394059	370111	5240	18708	75850	1	17
NA	NA	141.2	657639	357451	280761	19427	45415	1	38
NA	NA	128.1	200789	170445	22857	7487	69379	1	10
NA	NA	75.3	298527	200225	17962	80340	76495	2	14
NA	NA	83.6	3942959	3351567	219582	371810	54385	1	125
NA	NA	144.6	203126	188151	2367	12608	39383	2	28
NA	NA	94	992490	852729	39670	100091	46443	2	84
NA	NA	66.2	382259	318746	18304	45209	50164	1	16
NA	NA	116.2	212350	199737	1569	11044	43652	2	20
NA	NA	43	1555542	812743	198045	544754	71516	1	25
NA	NA	164.4	221180	192812	3751	24617	43339	2	15
NA	NA	59.6	1078242	736327	103613	238302	78187	1	32
NA	NA	71.3	946844	734928	55663	156253	45741	2	30
NA	NA	138.6	134663	113659	1717	19287	40830	8	17
NA	NA	68.3	855808	710720	53768	91320	47727	2	37
NA	NA	176.4	63942	56393	1242	6307	38147	5	13
NA	NA	41.8	9953555	7131871	922344	1899340	56241	1	179
NA	NA	63	151947	131649	6034	14264	47937	2	12
NA	NA	51.9	256064	221064	7412	27588	90962	1	11
NA	NA	68.7	425799	351892	15484	58423	60143	2	17
NA	NA	51.8	3084935	2298775	62254	723906	75566	1	58
NA	NA	56.9	2264919	1832546	158392	273981	57096	1	91
NA	NA	65.2	1447236	944708	157922	344606	55846	1	44
NA	NA	56.8	2077247	1614370	199645	263232	54750	1	43
NA	NA	49.1	3181513	2443843	177015	560655	63373	1	63
NA	NA	44.5	828816	451646	49801	327369	73802	1	28
NA	NA	70.4	700611	480301	57170	163140	53895	2	16
NA	NA	85.7	274487	245071	6209	23207	59628	2	17
NA	NA	40.3	739982	471745	22431	245806	87751	1	11
NA	NA	67.3	430638	371745	10222	48671	62723	2	11
NA	NA	32.3	1838988	1058005	52938	728045	90747	1	29
NA	NA	78.8	266435	234685	3678	28072	66571	2	17
NA	NA	163.6	178430	158750	1705	17975	44396	2	12
NA	NA	72.3	490509	430879	9078	50552	63565	2	13
NA	NA	112.4	521360	440876	16824	63660	49866	2	12
NA	NA	63.6	834519	711231	18319	104969	76483	2	52
NA	NA	61.9	460472	402768	16111	41593	56633	1	44
NA	NA	66.5	596066	470763	63932	61371	60400	1	10
NA	NA	59.9	305350	278782	3137	23431	67403	2	22
NA	NA	50.4	633563	511545	66068	55950	49091	1	34
NA	NA	58.5	298754	274459	3805	20490	101108	1	18
NA	NA	78.2	645641	544023	43126	58492	57531	2	41
NA	NA	86.4	546080	504881	6630	34569	68748	1	32
NA	NA	84.2	310965	290866	2995	17104	57927	2	18
NA	NA	141.7	160397	146029	3806	10562	41820	2	23
NA	NA	75.6	263997	246787	3419	13791	56589	2	10
NA	NA	54.5	934931	752734	111490	70707	82614	2	31
NA	NA	70.2	897420	696416	133306	67698	64752	1	47
NA	NA	73.9	187487	177799	3054	6634	71345	3	13
NA	NA	72.5	165512	148899	8532	8081	76659	1	10
NA	NA	79.4	864177	687044	120057	57076	62234	2	41
NA	NA	81.3	274267	231840	17811	24616	68310	2	30
NA	NA	55.4	152006	137826	5212	8968	80887	1	10
NA	NA	87.4	167605	115365	41761	10479	55786	2	13
NA	NA	85.4	546041	370581	134549	40911	64670	1	26
NA	NA	122.6	203347	167711	26394	9242	52692	2	10
NA	NA	40.3	635327	273592	317282	44453	64267	1	36
NA	NA	98.6	547753	461381	57452	28920	49099	2	21
NA	NA	58.8	1816552	1192709	515282	108561	51603	1	38
NA	NA	110.4	139341	130539	4091	4711	39034	2	18
NA	NA	106.5	194260	161734	20016	12510	59649	1	14
NA	NA	66.3	332332	298901	23737	9694	56104	2	15
NA	NA	99	880870	549206	264197	67467	48906	1	58
NA	NA	118.8	173110	157703	9491	5916	41098	1	12
NA	NA	79.6	1281677	971070	223076	87531	49450	1	63
NA	NA	98.5	140650	123051	13116	4483	45274	2	10
NA	NA	74.8	644096	562914	57689	23493	48453	2	15
NA	NA	89	334096	289364	31285	13447	47910	2	14
NA	NA	34.6	2607979	2025217	501249	81513	43464	1	37
NA	NA	58	1202048	834406	266093	101549	48429	1	79
NA	NA	74.3	289501	232829	37688	18984	44887	1	17
NA	NA	66.9	1354987	1038716	250686	65585	52806	1	47
NA	NA	102.5	470762	424376	24454	21932	43787	1	32
NA	NA	94.4	922075	770843	99412	51820	46051	1	64
NA	NA	79	615294	492339	96039	26916	43606	2	10
NA	NA	73.9	283726	214232	57027	12467	43923	2	13
NA	NA	90.5	386135	354643	19270	12222	48900	2	21
NA	NA	91.3	497279	422281	54908	20090	43419	2	20
NA	NA	73	707629	467030	186447	54152	65180	1	12
NA	NA	49.4	708800	260681	389318	58801	51252	1	19
NA	NA	54.1	975321	456879	436180	82262	57664	1	32
NA	NA	55	839357	502044	216220	121093	61944	1	18
NA	NA	69.4	145025	114841	25190	4994	63190	1	11
NA	NA	38.9	975909	215347	24029	736533	72292	2	24
NA	NA	76.4	203937	151717	26065	26155	45088	2	13
NA	NA	47.5	5230016	3442820	1299725	487471	54648	1	437
NA	NA	54.6	927668	760622	46353	120693	78538	1	68
NA	NA	48	521431	455678	31228	34525	68674	1	25
NA	NA	60.9	701220	581940	51226	68054	79085	1	41
NA	NA	96.3	113109	107912	2540	2657	52356	3	20
NA	NA	74.1	307529	289669	3917	13943	77325	1	23
NA	NA	67.9	172560	146707	13111	12742	61049	2	16
NA	NA	123.8	268083	238484	21503	8096	52756	1	39
NA	NA	94.6	187121	141035	33557	12529	50925	2	20
NA	NA	87.4	268612	176332	81995	10285	50490	1	29
NA	NA	124.1	199269	166616	24109	8544	55355	2	23
NA	NA	107.5	136111	131328	1548	3235	55580	2	15
NA	NA	60.6	682091	554491	78790	48810	76352	1	49
NA	NA	117.7	291934	239187	36701	16046	47573	2	35
NA	NA	95.6	493071	347933	127393	17745	49315	1	18
NA	NA	101.4	918692	614429	253595	50668	42603	1	48
NA	NA	107	165772	154865	5585	5322	62457	1	18
NA	NA	100.5	266612	217458	34933	14221	44989	2	16
NA	NA	183.3	181031	157299	16663	7069	43645	2	15
NA	NA	105.7	443821	386830	28189	28802	58096	2	23
NA	NA	79.6	559515	492790	26619	40106	75139	1	17
NA	NA	114.7	503945	409924	47825	46196	49885	2	24
NA	NA	81.7	159360	106554	40367	12439	39163	1	11
NA	NA	120.2	122847	113954	3488	5405	67125	1	20
NA	NA	116	90780	85865	2441	2474	53580	1	38
NA	NA	86.6	305201	240305	45777	19119	48779	2	13
NA	NA	114.3	751342	555053	160188	36101	46701	1	40
NA	NA	95.8	161297	148155	7583	5559	53900	1	35
NA	NA	124.1	434312	290401	116639	27272	48522	1	44
NA	NA	73.8	370138	127652	224942	17544	36681	1	10
NA	NA	135.5	239323	202665	27927	8731	60813	1	10
NA	NA	78.7	284133	264145	7830	12158	57159	2	20
NA	NA	81.3	199053	191895	1376	5782	56656	2	10
NA	NA	81.9	550641	424062	88615	37964	86987	1	52
NA	NA	87.3	818282	529576	221312	67394	66068	1	108
NA	NA	85.2	167191	156037	5526	5628	83155	1	20
NA	NA	96.8	101776	91575	6444	3757	66025	1	17
NA	NA	96	150770	75103	64257	11410	93063	1	10
NA	NA	86.4	239610	200118	21906	17586	83706	1	19
NA	NA	91.2	248661	202365	32550	13746	80441	1	29
NA	NA	40.9	299605	185993	54426	59186	107821	1	12
NA	NA	42	1006218	634626	185427	186165	96985	1	32
NA	NA	48.7	882465	230496	580240	71729	73568	1	27
NA	NA	128.2	149215	127071	15527	6617	54561	2	17
NA	NA	108.4	100555	69446	25347	5762	50639	2	14
NA	NA	72.2	622722	194283	397340	31099	40803	1	133
NA	NA	83.8	214915	201916	5147	7852	60424	2	14
NA	NA	89.8	130201	121351	3975	4875	47513	2	10
NA	NA	94.6	551341	501803	24027	25511	55995	1	88
NA	NA	65.3	757163	661788	45195	50180	66918	1	62
NA	NA	91	466578	392098	48924	25556	49729	2	46
NA	NA	48.4	1540330	1262984	82139	195207	81420	1	72
NA	NA	57.1	683121	561087	44313	77721	84087	1	41
NA	NA	71.7	499622	434823	47514	17285	74722	1	45
NA	NA	48.2	749469	470565	186315	92589	52700	1	59
NA	NA	73.9	806209	711754	40278	54177	65968	2	74
NA	NA	134	418029	314123	87257	16649	42730	2	23
NA	NA	93.5	282363	219726	34290	28347	45567	2	10
NA	NA	90.2	615041	514539	63442	37060	51030	2	45
NA	NA	116.8	848588	716162	84028	48398	53628	1	70
NA	NA	108.6	150862	143592	3377	3893	54588	2	21
NA	NA	87.1	1221138	942975	174452	103711	65637	1	18
NA	NA	109	160572	151873	3938	4761	47877	1	11
NA	NA	60.8	351299	263655	45366	42278	59063	2	15
NA	NA	106.9	1791995	976608	717793	97594	41504	1	116
NA	NA	65.3	335978	294653	16320	25005	69916	1	19
NA	NA	63.8	404893	352248	21199	31446	73288	1	10
NA	NA	54.3	1184361	906841	146965	130555	63559	1	73
NA	NA	56.3	521142	371455	59669	90018	53152	1	30
NA	NA	92	200351	186325	2902	11124	46231	2	12
NA	NA	117.2	101335	98434	874	2027	48322	1	11
NA	NA	143.1	280729	257706	8472	14551	41458	2	16
NA	NA	95.2	677321	477769	163350	36202	47023	1	25
NA	NA	90.5	220185	213063	1987	5135	55743	1	38
NA	NA	90.9	369102	336702	16116	16284	71416	1	31
NA	NA	188.4	65856	61658	2885	1313	36716	3	15
NA	NA	80.7	1000530	705001	237249	58280	58485	1	104
NA	NA	68	319085	145335	155868	17882	34384	1	52
NA	NA	79.5	531307	433611	62043	35653	53295	2	15
NA	NA	94.2	1995815	1459682	227583	308550	54218	1	141
NA	NA	138.2	43658	39171	1398	3089	39150	3	10
NA	NA	110.4	428654	368093	11157	49404	53994	2	44
NA	NA	75.3	402651	370091	9863	22697	70472	2	34
NA	NA	77	297694	285287	2378	10029	77939	1	19
NA	NA	85.7	275604	197151	47536	30917	54559	2	21
NA	NA	48.2	919694	695083	61313	163298	84255	1	45
NA	NA	101.1	96460	88726	4764	2970	56370	2	11
NA	NA	43.7	787579	392749	333284	61546	55027	1	34
NA	NA	37.7	657113	435491	98652	122970	58722	1	25
NA	NA	60.3	370087	245338	78261	46488	73759	2	22
NA	NA	51.5	823670	521938	89875	211857	79442	1	40
NA	NA	66.9	628782	535450	47901	45431	84746	1	26
NA	NA	49.2	497310	422793	16981	57536	97979	1	30
NA	NA	81.9	580682	541775	19495	19412	61038	1	27
NA	NA	50.5	505101	383066	74350	47685	57540	1	21
NA	NA	42	328580	238539	31573	58468	98571	1	11
NA	NA	49.2	544465	375316	127451	41698	69347	1	23
NA	NA	80.1	672685	574066	22720	75899	48398	2	75
NA	NA	60.8	214162	198129	4452	11581	38462	2	11
NA	NA	100.7	40254	31605	325	8324	40791	5	16
NA	NA	100.6	146157	133684	1527	10946	53642	2	15
NA	NA	64.1	306384	240300	41252	24832	59359	2	10
NA	NA	38.1	1414774	643437	618324	153013	34300	1	66
NA	NA	89.1	198916	175363	10403	13150	45856	2	12
NA	NA	112.7	89264	79386	5996	3882	48128	2	10
NA	NA	69.6	297213	245638	32031	19544	71508	1	29
NA	NA	83.6	920792	744108	127254	49430	49977	1	54
NA	NA	32.4	120730	107208	7316	6206	46549	2	10
NA	NA	28.8	2572282	1271563	920360	380359	45215	1	58
NA	NA	62.3	748947	582658	119580	46709	52700	1	45
NA	NA	49.2	1350748	1043476	164450	142822	97049	1	71
NA	NA	47.8	1625121	1059541	298322	267258	68370	1	52
NA	NA	93.1	214841	190701	14911	9229	47736	1	19
NA	NA	74.9	374100	308956	42460	22684	70712	1	26
NA	NA	29.1	2278024	1135651	476680	665693	56780	1	45
NA	NA	71.2	159669	140665	11103	7901	58959	2	12
NA	NA	66.4	1499382	1286689	121783	90910	87778	1	125
NA	NA	75.1	181811	161094	12110	8607	58934	2	13
NA	NA	44.8	961073	722157	152216	86700	81093	1	29
NA	NA	125.9	112163	95678	12818	3667	46490	2	18
NA	NA	105.3	244188	219147	15964	9077	44206	2	19
NA	NA	175.2	89901	78150	5859	5892	38062	2	16
NA	NA	154.5	81979	75723	4100	2156	36108	2	11
NA	NA	152.8	154940	132167	13484	9289	43657	2	11
NA	NA	103.1	323454	173147	121570	28737	45413	2	22
NA	NA	96.5	163474	142871	14957	5646	44318	2	12
NA	NA	63.6	282676	149533	110149	22994	50997	2	11
NA	NA	101.3	357815	242908	96958	17949	45809	2	22
NA	NA	148.7	208128	168118	32575	7435	43220	1	33
NA	NA	94.2	500841	296530	168099	36212	46223	2	24
NA	NA	123.8	58796	56938	626	1232	42089	2	13
NA	NA	122.1	162823	135586	19824	7413	50058	1	12
NA	NA	68.7	968367	579737	309273	79357	55961	1	51
NA	NA	120.7	209189	170157	30708	8324	50420	2	27
NA	NA	94.1	183807	141473	29275	13059	45812	2	12
NA	NA	132	135412	43683	33395	58334	30167	5	13
NA	NA	103.4	137832	111073	22429	4330	41561	1	18
NA	NA	65.1	952296	661998	204096	86202	65826	1	23
NA	NA	108.4	69279	64867	3000	1412	32009	3	11
NA	NA	95.2	100251	93789	3723	2739	41075	3	12
NA	NA	103.1	370651	322765	29037	18849	56253	1	26
NA	NA	117.1	137172	120006	12258	4908	43684	2	16
NA	NA	111.8	199195	191255	2584	5356	60590	1	42
NA	NA	76.2	1265611	819728	382732	63151	43861	1	125
NA	NA	108.3	1197640	843772	263753	90115	50700	1	99
NA	NA	99.7	802326	555937	208867	37522	49104	1	92
NA	NA	90.2	229409	214558	8187	6664	56231	1	20
NA	NA	88.8	301689	262707	26522	12460	51756	1	23
NA	NA	115	437135	330869	85330	20936	41436	2	39
NA	NA	119.9	235777	190897	37813	7067	41112	2	17
NA	NA	117.3	66229	60513	4119	1597	40966	3	10
NA	NA	116.6	534692	397297	112858	24537	43895	2	54
NA	NA	98	541050	435508	79304	26238	49227	2	54
NA	NA	112.1	207371	184845	17420	5106	42488	2	15
NA	NA	86.1	217788	197230	7376	13182	72055	1	10
NA	NA	105.6	266199	215001	12303	38895	54883	1	27
NA	NA	152.9	742541	532846	117486	92209	45082	1	49
NA	NA	177.2	44873	39237	868	4768	44918	3	12
NA	NA	157.2	614582	456340	66597	91645	47845	2	40
NA	NA	91.5	383339	348324	3725	31290	63951	1	26
NA	NA	110.9	161765	153642	693	7430	51468	2	10
NA	NA	127.4	107111	100093	393	6625	40096	5	11
NA	NA	143.1	206346	191973	1585	12788	43664	2	31
NA	NA	124.6	354993	321711	3699	29583	42628	2	25
NA	NA	80.5	319946	288207	4300	27439	46654	2	14
NA	NA	72.9	759071	614084	44009	100978	51582	1	75
NA	NA	69.9	547639	455313	11231	81095	64375	1	26
NA	NA	96.7	100687	92814	1006	6867	53950	1	10
NA	NA	89.5	1230842	1002226	164247	64369	50664	1	132
NA	NA	90.3	170250	155405	10777	4068	48311	1	18
NA	NA	65.9	413331	368781	26686	17864	55021	2	19
NA	NA	82.8	625930	563749	24296	37885	76859	1	22
NA	NA	82.3	185081	178873	2204	4004	58226	1	12
NA	NA	58.9	506278	442189	32205	31884	86184	1	10
NA	NA	83.9	560834	404552	115924	40358	64242	1	17
NA	NA	101.2	281541	249793	21298	10450	45249	2	19
NA	NA	129.6	214583	200072	6461	8050	45483	2	19
NA	NA	67.3	526864	480421	23942	22501	56172	2	12
NA	NA	55	355403	303711	28664	23028	54645	2	15
NA	NA	98.7	168567	135146	24629	8792	57773	2	10
NA	NA	70.2	809540	661963	73923	73654	78984	1	37
NA	NA	83.1	1550379	701501	692262	156616	37016	1	18
NA	NA	89.5	208480	196626	6732	5122	53326	1	17
NA	NA	85.3	363179	346237	8907	8035	49734	1	12
NA	NA	75.4	437641	394615	27268	15758	58747	2	21
NA	NA	101.5	165134	155233	2739	7162	61884	1	19
NA	NA	81.6	629364	506193	70087	53084	49213	1	43
NA	NA	105.9	142466	98721	36485	7260	54912	2	12
NA	NA	116.6	466431	360303	85876	20252	48438	2	21
NA	NA	125	124069	117132	3557	3380	46347	2	17
NA	NA	113.4	649004	426279	182856	39869	46676	1	21
NA	NA	251.6	62712	57675	2781	2256	39316	2	13
NA	NA	167	345783	261933	69207	14643	46544	2	36
NA	NA	144.9	440793	381844	39560	19389	47270	2	48
NA	NA	114.3	185225	135457	35918	13850	49459	2	11
NA	NA	208.9	53506	50730	1398	1378	43017	2	11
NA	NA	86.9	938965	400365	498839	39761	46251	1	43
NA	NA	71	1788530	1530914	145486	112130	49141	1	95
NA	NA	68.2	837229	632082	76807	128340	83238	1	30
NA	NA	65.4	2452421	1680804	563398	208219	49159	1	104
NA	NA	75.7	707475	568864	64428	74183	72939	1	15
NA	NA	42.6	830853	768621	31752	30480	39699	2	39
NA	NA	96.2	301067	241795	41550	17722	61555	1	12
NA	NA	63.3	4259206	3019602	832148	407456	53160	1	51
NA	NA	97.6	347816	318384	14976	14456	46499	2	20
NA	NA	84.8	1882352	1432313	293966	156073	56859	1	64
NA	NA	69.9	1096122	888292	98265	109565	56403	1	29
NA	NA	31.7	259738	254066	1606	4066	38421	2	20
NA	NA	79.2	316165	294537	4238	17390	69355	2	14
NA	NA	87	1064462	948121	20082	96259	59626	1	73
NA	NA	69.5	540170	507296	3656	29218	59864	2	28
NA	NA	99.5	236565	220291	3737	12537	54923	2	14
NA	NA	84.7	324124	228522	74373	21229	72363	1	16
NA	NA	38.5	1120382	760745	108696	250941	109383	1	18
NA	NA	87.1	315877	190057	94322	31498	61300	1	17
NA	NA	50.4	430368	280865	91747	57756	96160	1	17
NA	NA	73.7	245962	120576	106593	18793	44164	1	13
NA	NA	74.6	210826	92438	107444	10944	39445	1	17
NA	NA	143.5	98143	64607	28362	5174	38265	2	10
NA	NA	67.3	437041	384484	9124	43433	58764	1	32
NA	NA	107.2	101840	93832	845	7163	46568	2	10
NA	NA	62.3	2008763	1430155	132497	446111	71175	1	77
NA	NA	76.3	254729	213208	7443	34078	61776	2	12
NA	NA	78.7	811674	624209	58466	128999	59105	1	68
NA	NA	95.6	117987	107850	1030	9107	56457	2	14
NA	NA	89.3	732378	594302	21307	116769	68338	1	35
NA	NA	96.9	475881	429357	8631	37893	49615	2	21
NA	NA	74.4	258803	216893	8060	33850	63224	2	12
NA	NA	167.5	96907	88749	4858	3300	37238	2	12
NA	NA	77.2	252981	226019	6426	20536	53419	2	11
NA	NA	66.9	503438	435402	27244	40792	61790	2	13
NA	NA	82.8	167434	147598	11868	7968	55117	1	10
NA	NA	97.9	954867	625280	260505	69082	43599	1	49
NA	NA	82	392709	369721	5103	17885	75689	1	26
NA	NA	76.5	168764	157512	3248	8004	51603	2	11
NA	NA	139.9	657669	359252	279432	18985	45750	1	22
NA	NA	152.8	413178	251313	144272	17593	42187	2	10
NA	NA	75.4	296397	200397	17500	78500	75485	2	12
NA	NA	61.3	134186	88911	1768	43507	49615	2	10
NA	NA	86.1	3870806	3301986	211815	357005	55099	1	164
NA	NA	146.8	202635	187811	2266	12558	40573	2	29
NA	NA	98.3	987816	850647	39005	98164	46341	2	81
NA	NA	70	378007	315331	18342	44334	51212	1	17
NA	NA	114.7	211138	198953	1488	10697	44084	2	22
NA	NA	43.2	1532019	804890	198634	528495	70821	1	33
NA	NA	163.1	219987	191913	3771	24303	42971	2	21
NA	NA	59.8	1066126	731526	103432	231168	79135	1	26
NA	NA	70.8	940496	730605	55442	154449	46903	2	46
NA	NA	143.8	135243	114583	1683	18977	40376	8	12
NA	NA	66.5	849484	705624	54013	89847	48021	2	32
NA	NA	172.6	64242	56705	1270	6267	39525	5	14
NA	NA	41.4	9888476	7098246	920000	1870230	56266	1	200
NA	NA	61.4	151962	131318	6461	14183	47724	2	12
NA	NA	70.2	421157	347882	15312	57963	59737	2	25
NA	NA	51.9	3053884	2286531	60881	706472	75762	1	67
NA	NA	57.3	2236146	1812581	155825	267740	58365	1	83
NA	NA	63.3	1435002	940046	157291	337665	56553	1	54
NA	NA	55.1	2062945	1604024	198976	259945	55853	1	37
NA	NA	47.2	3140692	2418278	174407	548007	63857	1	85
NA	NA	45	815672	444520	50479	320673	72947	1	48
NA	NA	67.3	694943	476980	57134	160829	53764	2	23
NA	NA	84.8	271176	242482	6163	22531	58630	2	19
NA	NA	32.4	1812868	1053238	52314	707316	89064	1	33
NA	NA	83.7	264896	233548	3645	27703	66030	2	33
NA	NA	57.2	416486	252719	63392	100375	69914	2	13
NA	NA	69.8	487641	428972	8875	49794	64343	2	14
NA	NA	108.5	518073	438837	16756	62480	50671	2	11
NA	NA	89.9	447384	396424	9722	41238	43550	2	22
NA	NA	64.1	830707	708763	18166	103778	76728	2	54
NA	NA	60	452040	396238	15589	40213	56089	1	46
NA	NA	64.8	585836	464080	62234	59522	59937	1	16
NA	NA	63.3	300597	274653	3013	22931	66479	2	18
NA	NA	51.1	619281	499600	65235	54446	47499	1	51
NA	NA	61.1	292607	269217	3759	19631	101193	1	13
NA	NA	79.4	636901	537720	42133	57048	57079	2	31
NA	NA	85.1	539865	499838	6411	33616	67827	1	34
NA	NA	83.4	305267	285828	2867	16572	57215	2	24
NA	NA	131.2	159785	145700	3759	10326	41273	2	12
NA	NA	69.9	258629	242352	3118	13159	55825	2	20
NA	NA	55	928890	750881	109676	68333	82558	2	26
NA	NA	70.4	897057	699539	132147	65371	64007	1	48
NA	NA	72.8	166225	149987	8332	7906	77095	1	12
NA	NA	78.1	864009	689644	119055	55310	62497	2	62
NA	NA	79.8	273226	231510	17390	24326	67010	2	21
NA	NA	88	165258	114064	40991	10203	54783	2	15
NA	NA	90.8	542308	370192	132897	39219	64158	1	34
NA	NA	133.7	200358	165248	26085	9025	53215	2	16
NA	NA	39.8	620477	263753	314277	42447	61835	1	38
NA	NA	105.5	544456	459771	56743	27942	50068	2	25
NA	NA	68.5	1787889	1183825	499340	104724	51782	1	21
NA	NA	102.4	872480	545677	261715	65088	49964	1	49
NA	NA	126.2	172909	157835	9349	5725	42700	1	10
NA	NA	89.2	1271205	962587	223844	84774	50195	1	70
NA	NA	116.1	139027	121809	12955	4263	46363	2	11
NA	NA	91.3	299926	255710	30857	13359	47509	1	16
NA	NA	88.9	630543	552624	55482	22437	49444	2	24
NA	NA	99.6	327373	284299	30361	12713	48181	2	19
NA	NA	96.4	332429	277632	42766	12031	40103	2	12
NA	NA	38.5	2573361	1995464	499219	78678	43957	1	27
NA	NA	62.7	1169806	815648	256434	97724	49731	1	70
NA	NA	72.6	278906	225299	35574	18033	46479	1	22
NA	NA	76.1	1336175	1030512	242140	63523	52951	1	45
NA	NA	118.3	466672	422440	22871	21361	44103	1	47
NA	NA	105.2	917879	769087	98497	50295	45891	1	67
NA	NA	84.1	609669	489917	93631	26121	44398	2	20
NA	NA	85.6	280907	213145	55681	12081	44947	2	18
NA	NA	97.2	381666	351217	18723	11726	49212	2	24
NA	NA	82.9	427064	348521	50097	28446	58908	1	14
NA	NA	98.1	494523	421271	53759	19493	44169	2	11
NA	NA	75.3	697552	463776	181564	52212	65423	1	13
NA	NA	51.2	698342	257664	384741	55937	51712	1	14
NA	NA	56.9	949323	446098	425822	77403	57582	1	31
NA	NA	54.7	824537	498650	208304	117583	63076	1	18
NA	NA	38.4	966279	210760	22383	733136	71263	2	34
NA	NA	88.3	401118	372055	4738	24325	55304	2	13
NA	NA	76.7	202688	151534	25814	25340	44462	2	12
NA	NA	47.2	5214682	3434181	1304375	476126	54598	1	334
NA	NA	54.9	924245	761564	45618	117063	77598	1	41
NA	NA	48.1	519723	454451	31396	33876	69496	1	15
NA	NA	59.2	700893	583617	50995	66281	79666	1	48
NA	NA	87.5	113671	108674	2461	2536	52469	3	19
NA	NA	70	307820	290522	3619	13679	76909	1	15
NA	NA	116.7	268552	239201	21440	7911	53143	1	38
NA	NA	90.2	186624	140931	33608	12085	50689	2	18
NA	NA	86.1	270001	177460	82434	10107	50109	1	21
NA	NA	59.7	680501	554748	78449	47304	76453	1	47
NA	NA	110.4	293620	240998	36768	15854	47597	2	20
NA	NA	88.9	198495	179052	11887	7556	47308	2	10
NA	NA	87.3	148646	134692	7980	5974	68192	1	10
NA	NA	92.6	494729	348148	129232	17349	49443	1	10
NA	NA	153.1	131015	116765	10953	3297	44035	1	16
NA	NA	100.3	910861	612521	249920	48420	43197	1	46
NA	NA	100.7	165519	154809	5427	5283	62394	1	13
NA	NA	96.9	266710	217943	34890	13877	45183	2	10
NA	NA	165	180372	156924	16672	6776	43334	2	16
NA	NA	158.7	108296	96058	7598	4640	39534	2	10
NA	NA	68.7	214022	195450	8729	9843	55666	2	10
NA	NA	96.1	437807	382834	27638	27335	57473	2	26
NA	NA	113.3	500900	407821	47501	45578	49451	2	16
NA	NA	117.9	90976	86072	2472	2432	53018	1	16
NA	NA	97.3	301272	237858	44879	18535	48306	2	15
NA	NA	130.8	746240	552576	158595	35069	46298	1	33
NA	NA	106.1	160401	147488	7625	5288	53375	1	19
NA	NA	123.3	433983	291242	116151	26590	48374	1	19
NA	NA	110.5	153814	146971	1251	5592	43601	2	10
NA	NA	134.1	74586	66568	6074	1944	39408	2	10
NA	NA	84.3	545017	421060	87144	36813	85690	1	51
NA	NA	86.7	813169	530677	217874	64618	65411	1	76
NA	NA	112.5	101635	91424	6515	3696	66903	1	18
NA	NA	87.8	237322	199019	21360	16943	82668	1	20
NA	NA	89.5	246704	201566	32063	13075	79953	1	25
NA	NA	41.6	293898	184716	53156	56026	105692	1	13
NA	NA	42.1	992928	630878	180546	181504	95660	1	15
NA	NA	49.3	874983	228051	576698	70234	73447	1	25
NA	NA	73	620815	193097	397289	30429	40100	1	104
NA	NA	84.5	215372	202866	4817	7689	60525	2	13
NA	NA	91.4	549400	501457	23264	24679	55813	1	56
NA	NA	66	751507	659970	43289	48248	65785	1	38
NA	NA	90.3	465973	392552	48632	24789	48866	2	39
NA	NA	48.8	1523717	1257520	79879	186318	79691	1	92
NA	NA	58.8	678262	561419	42698	74145	83733	1	47
NA	NA	72.3	498268	435145	46297	16826	74698	1	46
NA	NA	48.4	736602	464830	182036	89736	51638	1	59
NA	NA	74.3	803752	712478	39060	52214	65772	2	64
NA	NA	131.5	421773	317003	88128	16642	43418	2	38
NA	NA	96.9	282034	219689	34707	27638	45758	2	12
NA	NA	104.5	252480	208983	28216	15281	46019	2	11
NA	NA	88.9	608076	509808	62332	35936	50801	2	30
NA	NA	116.1	843299	717575	79175	46549	54087	1	91
NA	NA	110.1	151513	144281	3349	3883	55826	2	10
NA	NA	87.7	1211103	939867	171541	99695	66456	1	13
NA	NA	67.4	266387	248736	4406	13245	55661	2	13
NA	NA	106.6	161530	152905	3949	4676	48869	1	12
NA	NA	62.4	349071	262660	45025	41386	59737	2	12
NA	NA	104	1800915	977981	727729	95205	41886	1	105
NA	NA	68.3	332838	293126	15514	24198	69139	1	23
NA	NA	62.6	401969	350970	20244	30755	73723	1	11
NA	NA	55.1	1169416	899730	143484	126202	62966	1	56
NA	NA	57.4	515954	371168	58787	85999	52713	1	20
NA	NA	113.5	101615	98788	880	1947	50098	1	23
NA	NA	142.3	277402	255182	8192	14028	41622	2	22
NA	NA	88.3	675185	476112	163519	35554	46874	1	37
NA	NA	91	219724	212859	1850	5015	56400	1	33
NA	NA	88.8	365262	333996	15586	15680	71458	1	48
NA	NA	81.3	998999	706648	235653	56698	58630	1	115
NA	NA	62.4	319144	144593	157017	17534	34402	1	75
NA	NA	72.9	524557	428699	61847	34011	52929	2	13
NA	NA	97.9	1966295	1447623	219784	298888	55961	1	138
NA	NA	103.3	424885	366053	10550	48282	55813	2	50
NA	NA	74.7	401774	370104	9552	22118	70591	2	35
NA	NA	87.9	146733	140208	1744	4781	65722	3	10
NA	NA	76.2	296001	284052	2255	9694	77470	1	22
NA	NA	83.4	275017	197321	47421	30275	55222	2	20
NA	NA	50.9	913717	695665	59765	158287	83443	1	28
NA	NA	44.6	786958	392942	334114	59902	55876	1	25
NA	NA	40.9	647983	432176	97514	118293	57660	1	16
NA	NA	59.9	368044	245330	77797	44917	73883	2	14
NA	NA	55.9	817143	523988	87455	205700	78622	1	25
NA	NA	71	629815	537222	47903	44690	83842	1	41
NA	NA	52.1	495792	423130	16510	56152	98148	1	19
NA	NA	84.9	579038	540507	19360	19171	60712	1	15
NA	NA	51.9	504031	383123	74064	46844	56299	1	12
NA	NA	51.2	540487	374437	125670	40380	68688	1	14
NA	NA	87.5	669295	572097	22677	74521	48231	2	59
NA	NA	109.7	145378	133107	1477	10794	53698	2	10
NA	NA	62.9	305019	240383	40708	23928	57715	2	14
NA	NA	38.2	1399990	636506	613205	150279	34744	1	58
NA	NA	87.6	199459	176463	10211	12785	45619	2	10
NA	NA	68.8	298289	247274	31626	19389	71125	1	19
NA	NA	83.3	920088	745411	127123	47554	48805	1	62
NA	NA	26.6	118161	105886	6395	5880	45559	2	10
NA	NA	29	2543667	1257684	919620	366363	44593	1	56
NA	NA	62.3	747714	583117	118855	45742	52260	1	31
NA	NA	51.7	1346815	1046769	161512	138534	95823	1	56
NA	NA	48.4	1609533	1051571	297230	260732	67204	1	43
NA	NA	93.2	215729	191819	14955	8955	46599	1	14
NA	NA	70.4	374358	310029	41935	22394	70294	1	15
NA	NA	28.9	2259756	1134469	475346	649941	56406	1	25
NA	NA	60.6	471152	367128	55120	48904	72752	1	10
NA	NA	59	221166	209414	3506	8246	67186	2	10
NA	NA	70.2	1500259	1290869	120547	88843	87187	1	131
NA	NA	73	182647	162300	11830	8517	58808	2	12
NA	NA	44.1	957052	721990	150574	84488	80725	1	23
NA	NA	98.7	152847	116564	29262	7021	44430	2	10
NA	NA	119.1	110223	94176	12615	3432	45132	2	21
NA	NA	105.7	241387	217017	15665	8705	44321	2	14
NA	NA	115.7	181199	143494	29062	8643	54280	1	11
NA	NA	114.3	67358	60762	4180	2416	47403	5	13
NA	NA	139.2	154556	132219	13332	9005	43733	2	19
NA	NA	94.2	323887	174613	121010	28264	44861	2	20
NA	NA	93.1	163305	142901	14908	5496	44728	2	18
NA	NA	65.8	276590	146481	107900	22209	50078	2	11
NA	NA	94	354565	241031	96202	17332	46417	2	29
NA	NA	141.8	206979	167485	32318	7176	43052	1	27
NA	NA	88.2	495129	295345	164998	34786	46288	2	22
NA	NA	112.4	161111	134545	19596	6970	51139	1	14
NA	NA	65.9	945113	570048	299869	75196	55994	1	39
NA	NA	119	205979	167438	30564	7977	48893	2	32
NA	NA	91.6	177898	137220	28313	12365	45457	2	11
NA	NA	85.3	141835	128463	8400	4972	40602	2	18
NA	NA	118.9	135103	43949	33335	57819	30874	5	10
NA	NA	150.7	93204	73036	17694	2474	38311	2	10
NA	NA	97.6	137996	111229	22623	4144	43121	1	14
NA	NA	183.3	73632	69025	2934	1673	36788	5	10
NA	NA	67.2	929208	649424	197797	81987	65289	1	23
NA	NA	106.8	370199	323519	28448	18232	55497	1	28
NA	NA	123.5	137754	120646	12308	4800	44037	2	21
NA	NA	120.6	198566	190972	2499	5095	60219	1	25
NA	NA	80.1	1269895	824829	383698	61368	44088	1	102
NA	NA	115.9	1180021	835824	257610	86587	50045	1	72
NA	NA	104.1	800621	556127	207950	36544	49218	1	91
NA	NA	89.7	229803	215408	7934	6461	55968	1	18
NA	NA	93.6	301915	263103	26667	12145	52194	1	11
NA	NA	111.2	439602	333429	85408	20765	41949	2	16
NA	NA	120.2	534882	398285	112812	23785	44585	2	37
NA	NA	110.7	541247	436745	79267	25235	48790	2	29
NA	NA	113.6	208915	186450	17449	5016	42441	2	36
NA	NA	201.8	48085	36739	3332	8014	39722	8	10
NA	NA	118.1	261950	212472	11874	37604	53759	1	11
NA	NA	152.9	729915	524849	115488	89578	44413	1	46
NA	NA	141.4	608606	452922	66357	89327	47005	2	19
NA	NA	94.6	379616	345756	3510	30350	63790	1	24
NA	NA	187.2	37202	34923	250	2029	43670	3	11
NA	NA	115.1	159775	151916	653	7206	52962	2	10
NA	NA	142.9	204794	190584	1585	12625	43386	2	20
NA	NA	151.7	82638	77633	374	4631	37824	2	14
NA	NA	119.4	353641	321158	3603	28880	42621	2	25
NA	NA	87.3	317764	286529	4315	26920	46191	2	12
NA	NA	78.8	748185	606617	43502	98066	50726	1	98
NA	NA	73.7	539649	450516	11011	78122	63814	1	26
NA	NA	89.4	1227535	1002679	163693	61163	49805	1	106
NA	NA	87.6	170354	155725	10707	3922	47928	1	15
NA	NA	65.8	412676	369181	26218	17277	54823	2	16
NA	NA	82.6	626397	565997	23738	36662	76019	1	16
NA	NA	84.1	184723	178724	2136	3863	57474	1	18
NA	NA	57.2	503652	441276	32023	30353	86264	1	11
NA	NA	82	559094	406225	113702	39167	63677	1	21
NA	NA	123.9	214587	200891	6166	7530	45185	2	17
NA	NA	119	90322	84780	3579	1963	43821	3	13
NA	NA	73.5	805500	662199	72501	70800	78446	1	31
NA	NA	84	1539022	698377	688139	152506	36957	1	25
NA	NA	89	208069	196411	6779	4879	51965	1	27
NA	NA	72.3	436845	394606	26916	15323	58586	2	12
NA	NA	98.7	165587	155995	2727	6865	61279	1	13
NA	NA	81.6	628087	507518	69052	51517	49411	1	32
NA	NA	86.1	357545	239152	106287	12106	50133	2	14
NA	NA	209.8	75179	69586	2975	2618	44872	2	10
NA	NA	131	123704	116894	3540	3270	47298	2	13
NA	NA	114.2	635503	418667	178802	38034	46737	1	19
NA	NA	261.7	62816	57923	2758	2135	39604	2	12
NA	NA	171.2	340939	258218	68594	14127	45826	2	20
NA	NA	156.7	436551	378914	38914	18723	47277	2	38
NA	NA	195.6	53856	51067	1416	1373	43129	2	11
NA	NA	91.9	933011	401654	492822	38535	46102	1	18
NA	NA	68.7	1755342	1506721	140741	107880	48083	1	138
NA	NA	76.1	319258	252151	40407	26700	67018	1	12
NA	NA	66.9	814607	619439	73373	121795	82758	1	25
NA	NA	64.9	2407305	1657985	550831	198489	48942	1	83
NA	NA	76.5	685376	554564	60445	70367	72305	1	14
NA	NA	43.3	819471	761009	29525	28937	38259	2	24
NA	NA	46.6	606962	352297	131300	123365	82571	1	15
NA	NA	96.9	295596	237227	41206	17163	59645	1	13
NA	NA	65.4	4179717	2972813	815046	391858	52675	1	46
NA	NA	94.8	253318	150872	87128	15318	42883	2	10
NA	NA	82.6	471591	427065	20894	23632	66657	1	12
NA	NA	92.9	343190	314515	14804	13871	44815	2	29
NA	NA	81.6	1848347	1412681	285547	150119	56178	1	47
NA	NA	70.9	1061858	862439	94633	104786	55452	1	31
NA	NA	34.1	255486	250095	1438	3953	37868	2	15
NA	NA	87.8	1048534	936475	19601	92458	59168	1	64
NA	NA	72.8	530678	498952	3469	28257	59338	2	27
NA	NA	96.1	234022	218183	3606	12233	54666	2	18
NA	NA	49.8	157740	146001	3487	8252	62260	2	11
NA	NA	80.4	320493	226832	72896	20765	72886	1	12
NA	NA	38.7	1105410	754467	106241	244702	108439	1	15
NA	NA	86.7	310844	188299	92894	29651	61206	1	20
NA	NA	194.3	44687	42530	1378	779	36436	8	11
NA	NA	68.6	243582	119213	106027	18342	43914	1	12
NA	NA	72	206567	90090	105814	10663	39201	1	20
NA	NA	69.5	442886	307226	88564	47096	65910	1	13
NA	NA	69.7	432507	381152	9125	42230	59051	1	26
NA	NA	107.4	102378	94498	772	7108	46461	2	16
NA	NA	66.6	1972444	1414630	128514	429300	70567	1	61
NA	NA	78.3	254451	213339	7335	33777	61112	2	11
NA	NA	83.2	803190	619882	56981	126327	58824	1	77
NA	NA	93.9	722291	589249	20070	112972	67777	1	53
NA	NA	99.3	473527	427589	8468	37470	49257	2	17
NA	NA	74.5	256516	216037	7561	32918	63129	2	10
NA	NA	81.8	203482	179398	2257	21827	51389	2	14
NA	NA	114.4	105687	94041	7678	3968	52504	2	10
NA	NA	186.6	96545	88503	4839	3203	35691	2	15
NA	NA	163.4	191972	171462	14185	6325	44265	2	18
NA	NA	68.9	496460	430690	26703	39067	61913	2	19
NA	NA	99.5	951535	624756	259879	66900	43397	1	59
NA	NA	77.3	132292	127701	1257	3334	66476	1	11
NA	NA	81.2	390811	368375	5147	17289	75845	1	22
NA	NA	82.8	167646	156938	3136	7572	51596	2	12
NA	NA	138	658150	361044	278449	18657	45244	1	26
NA	NA	149.6	413369	252148	143834	17387	40996	2	10
NA	NA	75.1	293415	199324	17163	76928	73004	2	12
NA	NA	87	3825616	3274089	206626	344901	55054	1	156
NA	NA	146.5	200378	186127	2049	12202	39785	2	31
NA	NA	97	981927	847471	38355	96101	45521	2	87
NA	NA	112.2	211139	199210	1440	10489	43290	2	19
NA	NA	43.4	1513653	799986	198933	514734	69384	1	30
NA	NA	169.1	219983	192392	3714	23877	43170	2	15
NA	NA	60.2	1052875	726484	102540	223851	78385	1	22
NA	NA	83.3	181153	164401	1502	15250	70000	1	13
NA	NA	70.1	932463	724883	55495	152085	46430	2	53
NA	NA	142.4	135032	114836	1651	18545	40089	8	13
NA	NA	66.8	841676	699589	53740	88347	47089	2	37
NA	NA	82	152368	124008	11876	16484	48684	2	10
NA	NA	169.7	64743	57224	1310	6209	39491	5	17
NA	NA	41	9825473	7060221	920016	1845236	55476	1	219
NA	NA	69.8	416415	343670	15228	57517	59271	2	15
NA	NA	51.8	3017647	2269774	59471	688402	74344	1	56
NA	NA	56.9	2202226	1787921	153637	260668	57768	1	91
NA	NA	64.3	1422018	936231	156052	329735	56439	1	57
NA	NA	54.8	2041562	1590035	197015	254512	55845	1	43
NA	NA	47	3104346	2395302	172900	536144	63069	1	83
NA	NA	44.9	805766	439680	51239	314847	71304	1	52
NA	NA	66.8	687380	472527	56724	158129	54341	2	21
NA	NA	85.2	269909	241880	6162	21867	57365	2	21
NA	NA	32.2	1786637	1046893	51791	687953	86850	1	30
NA	NA	85.8	263270	232604	3542	27124	65253	2	19
NA	NA	56.5	414034	251304	63484	99246	68409	2	15
NA	NA	69.4	484817	426825	8803	49189	63274	2	29
NA	NA	106.9	515342	436800	16865	61677	51094	2	12
NA	NA	89.4	443083	392880	9523	40680	43851	2	10
NA	NA	185.4	55182	50370	1198	3614	47462	5	13
NA	NA	63.6	825320	705516	18016	101788	75348	2	42
NA	NA	60.1	443681	389480	15175	39026	54666	1	18
NA	NA	64.6	574785	455824	61092	57869	58719	1	14
NA	NA	63	295983	270961	2894	22128	64839	2	15
NA	NA	49.6	603329	486109	64676	52544	45501	1	36
NA	NA	61.2	286979	264234	3697	19048	99198	1	11
NA	NA	79	626950	529469	41460	56021	56268	2	31
NA	NA	83.3	535916	496758	6266	32892	66075	1	24
NA	NA	80.4	300523	281794	2735	15994	56447	2	16
NA	NA	125.3	159521	145620	3757	10144	40699	2	11
NA	NA	65.3	254164	238475	2947	12742	55596	2	13
NA	NA	54	919750	747003	107362	65385	81268	2	29
NA	NA	71.1	895388	701272	130824	63292	62590	1	43
NA	NA	73	189771	180564	2917	6290	69639	3	15
NA	NA	68.6	165631	149869	8142	7620	74906	1	14
NA	NA	76.3	863480	691548	118183	53749	61114	2	62
NA	NA	83.6	274072	232573	17512	23987	65419	2	20
NA	NA	86.8	162990	113112	40079	9799	53183	2	11
NA	NA	93.3	538934	370036	131186	37712	62474	1	31
NA	NA	134	197892	163310	25812	8770	51046	2	23
NA	NA	37.1	605183	253576	311085	40522	58526	1	31
NA	NA	107.9	544008	460355	56316	27337	49523	2	26
NA	NA	77.3	1753125	1170231	482405	100489	51694	1	29
NA	NA	115	141263	132630	4076	4557	37933	2	10
NA	NA	77.8	322724	291817	21864	9043	58106	2	13
NA	NA	106.8	865825	543742	259143	62940	49463	1	35
NA	NA	135.3	172975	158269	9206	5500	42011	1	19
NA	NA	104.3	1233839	940587	213494	79758	49536	1	85
NA	NA	98.8	297862	254742	30151	12969	46477	1	12
NA	NA	90.3	620590	545535	53605	21450	50014	2	31
NA	NA	101.6	323446	281852	29392	12202	47812	2	20
NA	NA	100.7	331437	277956	41885	11596	40339	2	23
NA	NA	37.9	2507362	1945125	487056	75181	43605	1	20
NA	NA	68.2	1148716	804827	249636	94253	50138	1	76
NA	NA	80.4	269846	218553	34002	17291	46328	1	12
NA	NA	83	1323897	1026384	235683	61830	53242	1	78
NA	NA	120.3	465517	422868	21860	20789	44228	1	68
NA	NA	106.2	916508	770760	96806	48942	45258	1	90
NA	NA	87.7	603213	486370	91714	25129	43946	2	13
NA	NA	79.7	278285	212054	54721	11510	45196	2	20
NA	NA	100.1	380040	350273	18505	11262	49388	2	21
NA	NA	82.8	423083	346363	49120	27600	58971	1	15
NA	NA	104.5	494638	422491	53229	18918	44400	2	26
NA	NA	78.6	689697	461992	177345	50360	65522	1	11
NA	NA	61	925985	438477	413735	73773	56709	1	18
NA	NA	56.7	808264	495263	199045	113956	63219	1	21
NA	NA	107.4	200935	81602	109951	9382	37882	2	15
NA	NA	38.1	956325	207139	20435	728751	70093	2	43
NA	NA	86.2	393483	365519	4617	23347	55835	2	12
NA	NA	46	5199500	3423907	1310883	464710	53942	1	339
NA	NA	54.4	918144	759809	44066	114269	76581	1	33
NA	NA	48	516030	451447	31362	33221	67767	1	13
NA	NA	58.9	704348	587316	51542	65490	78948	1	51
NA	NA	86.2	113828	109153	2246	2429	51705	3	18
NA	NA	68.3	309119	292034	3540	13545	76482	1	14
NA	NA	66.4	169857	145561	12659	11637	57642	2	10
NA	NA	114.4	269384	240201	21424	7759	51941	1	35
NA	NA	89.8	186218	141294	33343	11581	49747	2	12
NA	NA	104.6	81617	68495	10704	2418	39456	2	10
NA	NA	58.6	678914	555190	77686	46038	75906	1	41
NA	NA	106.1	295106	242578	36947	15581	47198	2	29
NA	NA	102.7	904699	611462	246583	46654	43541	1	43
NA	NA	102.1	164558	154373	5119	5066	60889	1	19
NA	NA	96.9	266791	218414	34896	13481	44644	2	10
NA	NA	91.4	432282	378777	26917	26588	56094	2	16
NA	NA	78.1	545816	483448	24620	37748	73733	1	14
NA	NA	112.6	499320	406179	47670	45471	47848	2	11
NA	NA	136.3	119362	111339	3095	4928	66549	1	13
NA	NA	117	90610	85964	2342	2304	51482	1	16
NA	NA	94.1	296717	234721	44096	17900	47469	2	11
NA	NA	133.3	742277	551452	156651	34174	45352	1	21
NA	NA	106.3	159999	147383	7503	5113	53213	1	27
NA	NA	122.1	432755	290736	115942	26077	48175	1	15
NA	NA	143.4	234568	199280	27255	8033	60866	1	11
NA	NA	80.8	197206	190698	1147	5361	55008	2	10
NA	NA	83.8	539310	418147	85464	35699	83456	1	42
NA	NA	83.2	806241	530737	213550	61954	63959	1	87
NA	NA	84	167210	156511	5461	5238	81621	1	12
NA	NA	113.4	101163	91173	6431	3559	64886	1	24
NA	NA	85.2	234202	197200	20828	16174	81686	1	10
NA	NA	89.3	245240	201073	31686	12481	77010	1	30
NA	NA	43.3	976321	624557	175777	175987	93373	1	14
NA	NA	47.8	865821	225820	571465	68536	71260	1	29
NA	NA	118.9	147735	127052	14599	6084	52994	2	10
NA	NA	67.2	621195	193031	398407	29757	39386	1	106
NA	NA	87.4	215908	203791	4672	7445	60317	2	15
NA	NA	91.3	549200	502398	22866	23936	54955	1	64
NA	NA	68.6	745690	658264	41270	46156	64153	1	35
NA	NA	91.2	464194	391582	48477	24135	47724	2	44
NA	NA	72.1	159276	143135	4480	11661	59505	2	11
NA	NA	51.3	1507213	1252666	76982	177565	77377	1	66
NA	NA	59.6	673106	560766	41033	71307	81027	1	43
NA	NA	74.3	495985	434789	44799	16397	73131	1	31
NA	NA	51.8	725361	459469	179384	86508	50597	1	46
NA	NA	77.3	800280	712116	37877	50287	64152	2	62
NA	NA	127.3	425056	319893	88621	16542	43483	2	73
NA	NA	88.5	603011	506459	61649	34903	49532	2	29
NA	NA	110.1	841292	722006	74247	45039	53996	1	71
NA	NA	146.9	171922	139961	24966	6995	40670	2	12
NA	NA	83.1	1202950	939646	166640	96664	66390	1	16
NA	NA	104.1	162681	154039	4000	4642	49120	1	15
NA	NA	66.9	345568	261083	44485	40000	59065	2	18
NA	NA	98.4	1815225	982252	739405	93568	42241	1	108
NA	NA	67	331470	292892	14957	23621	69028	1	23
NA	NA	60.7	399237	349690	19468	30079	72850	1	14
NA	NA	55.2	1154385	892386	139913	122086	61328	1	48
NA	NA	56.1	509490	369945	57726	81819	51915	1	21
NA	NA	95	200161	186578	2756	10827	44941	2	12
NA	NA	97	222708	198830	12069	11809	58559	1	10
NA	NA	107.1	101502	98729	872	1901	49120	1	15
NA	NA	143.8	275384	253600	8078	13706	41059	2	27
NA	NA	89.1	674907	476079	163733	35095	46252	1	34
NA	NA	91.7	219129	212345	1819	4965	56756	1	36
NA	NA	89	361840	331429	15274	15137	70331	1	37
NA	NA	81.6	998833	709187	234684	54962	57561	1	104
NA	NA	61.1	319305	144195	157712	17398	33652	1	50
NA	NA	72	518675	423955	61642	33078	51878	2	13
NA	NA	94.1	1953216	1445566	216351	291299	56258	1	136
NA	NA	102.3	422146	364331	10619	47196	55658	2	41
NA	NA	74.3	401039	370334	9343	21362	69321	2	22
NA	NA	77	295339	283900	2136	9303	75825	1	16
NA	NA	83.4	274757	197555	47562	29640	54766	2	20
NA	NA	50	906800	694727	58168	153905	81708	1	19
NA	NA	44.1	784664	392218	334047	58399	55125	1	31
NA	NA	55.9	811229	526173	85491	199565	77615	1	22
NA	NA	68.6	630790	538535	48187	44068	82265	1	29
NA	NA	51.7	492873	422384	16281	54208	96747	1	11
NA	NA	51.3	502295	382805	73631	45859	54944	1	10
NA	NA	50.2	537720	373909	124440	39371	66791	1	14
NA	NA	90.8	664109	568500	22589	73020	47481	2	56
NA	NA	62.2	210203	194820	4348	11035	36657	2	11
NA	NA	110.4	144465	132455	1483	10527	52696	2	11
NA	NA	63.6	304078	240749	40342	22987	56090	2	13
NA	NA	36.5	1388240	631721	608627	147892	34264	1	36
NA	NA	69.5	297757	247742	31106	18909	69838	1	24
NA	NA	88.9	919220	746649	126762	45809	47372	1	46
NA	NA	28.1	2510240	1242174	915255	352811	43567	1	31
NA	NA	63.3	744959	582137	118289	44533	51303	1	25
NA	NA	51.4	1341879	1049075	158682	134122	93613	1	40
NA	NA	47	1588530	1040259	294498	253773	64971	1	21
NA	NA	100.3	216489	192714	15035	8740	45964	1	22
NA	NA	65.8	234836	207571	15456	11809	46708	2	12
NA	NA	28.2	2235310	1130242	470874	634194	55291	1	20
NA	NA	61.4	469706	367272	54460	47974	71084	1	10
NA	NA	70.5	1494747	1288996	119197	86554	84506	1	92
NA	NA	43	950588	719650	148656	82282	79619	1	13
NA	NA	121.7	108065	92326	12504	3235	45806	2	17
NA	NA	105.3	238823	214836	15517	8470	44190	2	15
NA	NA	146.5	90595	78697	6090	5808	37139	2	11
NA	NA	114.1	178581	142301	28255	8025	53928	1	12
NA	NA	134.7	154719	132669	13336	8714	43484	2	10
NA	NA	91.5	320128	172610	119888	27630	43834	2	19
NA	NA	94.8	162854	142691	14777	5386	44249	2	11
NA	NA	69.4	270962	144027	105319	21616	49894	2	13
NA	NA	91.6	351502	239486	95476	16540	46749	2	12
NA	NA	143.8	206093	167246	31964	6883	43253	1	28
NA	NA	90.1	489557	294170	162058	33329	45676	2	21
NA	NA	103.2	58954	57163	638	1153	41377	2	11
NA	NA	102.7	106903	100051	3328	3524	46446	2	13
NA	NA	113.2	159834	133946	19411	6477	48962	1	14
NA	NA	72.8	169666	137721	26409	5536	49745	1	13
NA	NA	66.6	923326	560959	291343	71024	55294	1	31
NA	NA	122	203314	165346	30392	7576	48553	2	19
NA	NA	82	141958	128507	8489	4962	40346	2	11
NA	NA	96.8	138375	111495	22825	4055	43596	1	14
NA	NA	185.5	73770	69211	2949	1610	37294	5	15
NA	NA	66.8	906949	636344	192536	78069	63770	1	31
NA	NA	110.4	69195	64924	2928	1343	33438	3	13
NA	NA	108.2	369078	323584	27878	17616	54788	1	18
NA	NA	124.5	197708	190407	2362	4939	58472	1	32
NA	NA	79.1	1278326	832853	384994	60479	43603	1	77
NA	NA	120.3	1166371	830874	252338	83159	49087	1	64
NA	NA	105.5	802284	559178	207576	35530	48234	1	64
NA	NA	88.8	230016	216137	7607	6272	54896	1	16
NA	NA	112.2	441571	335731	85355	20485	42072	2	22
NA	NA	120.3	536217	399977	112966	23274	43965	2	30
NA	NA	110.4	124174	109104	11721	3349	42664	2	10
NA	NA	110.7	541674	438592	78799	24283	47926	2	39
NA	NA	114.1	209868	187423	17529	4916	42296	2	31
NA	NA	86.4	213531	194526	7087	11918	71274	1	11
NA	NA	127.9	256923	209429	11265	36229	52688	1	22
NA	NA	152.5	721096	519834	113952	87310	42916	1	45
NA	NA	140.2	605199	451245	66503	87451	45613	2	36
NA	NA	97.4	376931	343888	3416	29627	62007	1	24
NA	NA	113.9	157839	150107	614	7118	53071	2	12
NA	NA	141.4	203410	189609	1513	12288	44142	2	15
NA	NA	117.2	351976	320448	3595	27933	42923	2	22
NA	NA	85.9	315984	285474	4179	26331	46069	2	19
NA	NA	81.2	737374	598520	43228	95626	49618	1	70
NA	NA	74.5	531662	445420	10695	75547	62574	1	23
NA	NA	88.9	1223972	1002346	163290	58336	47961	1	77
NA	NA	86.9	170610	156063	10783	3764	46190	1	10
NA	NA	64.7	411988	369743	25601	16644	53470	2	16
NA	NA	83.6	184114	178302	2057	3755	56878	1	11
NA	NA	81.9	559105	409118	112201	37786	61876	1	11
NA	NA	123.6	214516	201268	6016	7232	43673	2	11
NA	NA	53.8	350187	302027	26713	21447	53541	2	11
NA	NA	74.4	801112	661262	71221	68629	76380	1	34
NA	NA	81.4	1528427	697349	683130	147948	36251	1	20
NA	NA	89.8	207900	196312	6882	4706	49687	1	17
NA	NA	83.4	365122	348838	8722	7562	47689	1	12
NA	NA	81.2	627199	509489	67637	50073	48500	1	35
NA	NA	86	351055	234090	105257	11708	48433	2	19
NA	NA	119.7	452803	350910	83096	18797	46830	2	22
NA	NA	110.4	119216	107471	7874	3871	41898	2	17
NA	NA	75.1	385791	187990	179060	18741	47922	2	12
NA	NA	139.5	123241	116582	3473	3186	47322	2	13
NA	NA	182.6	99126	91713	4377	3036	40032	2	10
NA	NA	114.4	628077	414797	176662	36618	45668	1	30
NA	NA	281.9	62550	57707	2757	2086	39807	2	12
NA	NA	168.2	337332	255241	68460	13631	45408	2	15
NA	NA	166.1	433056	376316	38692	18048	46759	2	42
NA	NA	183.1	54159	51400	1447	1312	42698	2	12
NA	NA	93.4	928652	403388	487608	37656	44705	1	42
NA	NA	68.5	1723006	1481875	137183	103948	47048	1	94
NA	NA	67.3	788741	604475	69185	115081	80504	1	21
NA	NA	98.1	109294	104066	1881	3347	64752	1	10
NA	NA	63.6	2372450	1639793	541479	191178	47974	1	64
NA	NA	75.1	666736	542549	57519	66668	70622	1	14
NA	NA	43.1	803641	749015	27258	27368	36333	2	28
NA	NA	95.9	292529	234805	41065	16659	58317	1	11
NA	NA	69.1	4108308	2929073	800564	378671	51444	1	40
NA	NA	81.2	459319	416703	20255	22361	65620	1	10
NA	NA	92.6	340314	312466	14376	13472	43280	2	24
NA	NA	82.2	1817687	1394012	278311	145364	55306	1	31
NA	NA	72	1030569	837648	92291	100630	54074	1	33
NA	NA	34.9	251335	246137	1366	3832	36684	2	14
NA	NA	81.1	307978	287651	4072	16255	66866	2	12
NA	NA	90.8	1033172	924915	18975	89282	58004	1	64
NA	NA	74.6	520118	489744	3340	27034	56927	2	23
NA	NA	94.6	232214	216502	3656	12056	54086	2	16
NA	NA	77.9	317342	225915	71285	20142	71321	1	13
NA	NA	37.7	1086767	745978	103610	237179	105416	1	15
NA	NA	85.1	307633	187271	92263	28099	60114	1	12
NA	NA	68.9	204115	88702	104741	10672	38266	1	11
NA	NA	72.1	426815	377091	8913	40811	58262	1	19
NA	NA	68.8	1937786	1399599	125056	413131	68065	1	88
NA	NA	80.7	251735	211625	6929	33181	59549	2	12
NA	NA	88.6	795437	615309	56254	123874	57869	1	51
NA	NA	97.5	715523	586642	19305	109576	66300	1	37
NA	NA	102.6	472148	427050	8324	36774	47250	2	20
NA	NA	68.9	489190	425861	26119	37210	60519	2	29
NA	NA	79.4	166624	147338	11584	7702	54430	1	11
NA	NA	99.6	948351	624559	258521	65271	43215	1	59
NA	NA	78.2	390083	368413	4993	16677	75064	1	23
